sun_date,sun_rise,sun_mid,sun_set,day_length,day_in,day_out
2015-3-01,06:48:06,12:26:47,18:05:28,11:17:22,06:21:02,18:32:31
2015-3-02,06:46:36,12:26:35,18:06:34,11:19:58,06:19:34,18:33:35
2015-3-03,06:45:06,12:26:23,18:07:39,11:22:33,06:18:06,18:34:40
2015-3-04,06:43:35,12:26:10,18:08:45,11:25:10,06:16:36,18:35:44
2015-3-05,06:42:04,12:25:57,18:09:50,11:27:46,06:15:06,18:36:47
2015-3-06,06:40:32,12:25:43,18:10:55,11:30:23,06:13:36,18:37:51
2015-3-07,06:38:59,12:25:29,18:11:59,11:33:00,06:12:04,18:38:55
2015-3-08,06:37:26,12:25:15,18:13:04,11:35:38,06:10:32,18:39:58
2015-3-09,06:35:52,12:25:00,18:14:08,11:38:16,06:08:59,18:41:01
2015-3-10,06:34:18,12:24:45,18:15:12,11:40:54,06:07:26,18:42:04
2015-3-11,06:32:44,12:24:29,18:16:15,11:43:31,06:05:52,18:43:07
2015-3-12,06:31:09,12:24:14,18:17:18,11:46:09,06:04:17,18:44:10
2015-3-13,06:29:34,12:23:58,18:18:21,11:48:47,06:02:42,18:45:13
2015-3-14,06:27:58,12:23:41,18:19:24,11:51:26,06:01:07,18:46:15
2015-3-15,06:26:22,12:23:25,18:20:27,11:54:05,05:59:31,18:47:18
2015-3-16,06:24:46,12:23:08,18:21:29,11:56:43,05:57:55,18:48:21
2015-3-17,06:23:10,12:22:51,18:22:32,11:59:22,05:56:18,18:49:23
2015-3-18,06:21:33,12:22:33,18:23:34,12:02:01,05:54:41,18:50:25
2015-3-19,06:19:56,12:22:16,18:24:35,12:04:39,05:53:04,18:51:28
2015-3-20,06:18:19,12:21:58,18:25:37,12:07:18,05:51:26,18:52:30
2015-3-21,06:16:42,12:21:40,18:26:39,12:09:57,05:49:49,18:53:32
2015-3-22,06:15:05,12:21:23,18:27:40,12:12:35,05:48:11,18:54:35
2015-3-23,06:13:28,12:21:05,18:28:41,12:15:13,05:46:32,18:55:37
2015-3-24,06:11:51,12:20:47,18:29:43,12:17:52,05:44:54,18:56:39
2015-3-25,06:10:13,12:20:29,18:30:44,12:20:31,05:43:15,18:57:42
2015-3-26,06:08:36,12:20:10,18:31:45,12:23:09,05:41:37,18:58:44
2015-3-27,06:06:59,12:19:52,18:32:45,12:25:46,05:39:58,18:59:46
2015-3-28,06:05:22,12:19:34,18:33:46,12:28:24,05:38:20,19:00:49
2015-3-29,06:03:45,12:19:16,18:34:47,12:31:02,05:36:41,19:01:51
2015-3-30,06:02:08,12:18:58,18:35:48,12:33:40,05:35:02,19:02:54
2015-3-31,06:00:32,12:18:40,18:36:48,12:36:16,05:33:23,19:03:56
2015-4-01,05:58:55,12:18:22,18:37:49,12:38:54,05:31:45,19:04:59
2015-4-02,05:57:19,12:18:04,18:38:49,12:41:30,05:30:06,19:06:02
2015-4-03,05:55:43,12:17:47,18:39:50,12:44:07,05:28:28,19:07:05
2015-4-04,05:54:08,12:17:29,18:40:50,12:46:42,05:26:50,19:08:08
2015-4-05,05:52:33,12:17:12,18:41:51,12:49:18,05:25:12,19:09:11
2015-4-06,05:50:58,12:16:54,18:42:51,12:51:53,05:23:35,19:10:14
2015-4-07,05:49:23,12:16:37,18:43:51,12:54:28,05:21:57,19:11:18
2015-4-08,05:47:49,12:16:21,18:44:52,12:57:03,05:20:20,19:12:21
2015-4-09,05:46:16,12:16:04,18:45:52,12:59:36,05:18:43,19:13:25
2015-4-10,05:44:43,12:15:48,18:46:53,13:02:10,05:17:07,19:14:29
2015-4-11,05:43:10,12:15:32,18:47:53,13:04:43,05:15:31,19:15:33
2015-4-12,05:41:38,12:15:16,18:48:54,13:07:16,05:13:55,19:16:37
2015-4-13,05:40:07,12:15:01,18:49:54,13:09:47,05:12:20,19:17:41
2015-4-14,05:38:36,12:14:46,18:50:55,13:12:19,05:10:46,19:18:45
2015-4-15,05:37:06,12:14:31,18:51:55,13:14:49,05:09:12,19:19:50
2015-4-16,05:35:37,12:14:16,18:52:56,13:17:19,05:07:38,19:20:54
2015-4-17,05:34:08,12:14:02,18:53:57,13:19:49,05:06:05,19:21:59
2015-4-18,05:32:40,12:13:49,18:54:57,13:22:17,05:04:33,19:23:04
2015-4-19,05:31:12,12:13:35,18:55:58,13:24:46,05:03:01,19:24:09
2015-4-20,05:29:46,12:13:22,18:56:59,13:27:13,05:01:31,19:25:14
2015-4-21,05:28:20,12:13:10,18:57:59,13:29:39,05:00:00,19:26:19
2015-4-22,05:26:56,12:12:58,18:59:00,13:32:04,04:58:31,19:27:25
2015-4-23,05:25:32,12:12:46,19:00:01,13:34:29,04:57:02,19:28:30
2015-4-24,05:24:09,12:12:35,19:01:02,13:36:53,04:55:35,19:29:36
2015-4-25,05:22:47,12:12:24,19:02:02,13:39:15,04:54:08,19:30:41
2015-4-26,05:21:26,12:12:14,19:03:03,13:41:37,04:52:42,19:31:47
2015-4-27,05:20:06,12:12:05,19:04:04,13:43:58,04:51:16,19:32:53
2015-4-28,05:18:47,12:11:55,19:05:04,13:46:17,04:49:52,19:33:58
2015-4-29,05:17:29,12:11:47,19:06:05,13:48:36,04:48:29,19:35:04
2015-4-30,05:16:12,12:11:39,19:07:05,13:50:53,04:47:07,19:36:10
2015-5-01,05:14:56,12:11:31,19:08:05,13:53:09,04:45:46,19:37:16
2015-5-02,05:13:42,12:11:24,19:09:06,13:55:24,04:44:26,19:38:21
2015-5-03,05:12:29,12:11:17,19:10:06,13:57:37,04:43:08,19:39:27
2015-5-04,05:11:17,12:11:11,19:11:06,13:59:49,04:41:50,19:40:32
2015-5-05,05:10:06,12:11:06,19:12:06,14:02:00,04:40:34,19:41:38
2015-5-06,05:08:56,12:11:01,19:13:05,14:04:09,04:39:19,19:42:43
2015-5-07,05:07:48,12:10:57,19:14:05,14:06:17,04:38:05,19:43:48
2015-5-08,05:06:42,12:10:53,19:15:04,14:08:22,04:36:53,19:44:53
2015-5-09,05:05:36,12:10:50,19:16:03,14:10:27,04:35:41,19:45:58
2015-5-10,05:04:32,12:10:47,19:17:02,14:12:30,04:34:32,19:47:02
2015-5-11,05:03:30,12:10:45,19:18:00,14:14:30,04:33:23,19:48:06
2015-5-12,05:02:29,12:10:43,19:18:58,14:16:29,04:32:17,19:49:10
2015-5-13,05:01:29,12:10:43,19:19:56,14:18:27,04:31:11,19:50:14
2015-5-14,05:00:31,12:10:42,19:20:53,14:20:22,04:30:08,19:51:17
2015-5-15,04:59:35,12:10:42,19:21:50,14:22:15,04:29:06,19:52:19
2015-5-16,04:58:40,12:10:43,19:22:47,14:24:07,04:28:05,19:53:21
2015-5-17,04:57:47,12:10:45,19:23:43,14:25:56,04:27:06,19:54:23
2015-5-18,04:56:55,12:10:47,19:24:38,14:27:43,04:26:09,19:55:24
2015-5-19,04:56:05,12:10:49,19:25:33,14:29:28,04:25:13,19:56:25
2015-5-20,04:55:17,12:10:52,19:26:27,14:31:10,04:24:20,19:57:25
2015-5-21,04:54:30,12:10:56,19:27:21,14:32:51,04:23:27,19:58:24
2015-5-22,04:53:46,12:11:00,19:28:14,14:34:28,04:22:37,19:59:22
2015-5-23,04:53:02,12:11:04,19:29:06,14:36:04,04:21:49,20:00:20
2015-5-24,04:52:21,12:11:09,19:29:58,14:37:37,04:21:02,20:01:17
2015-5-25,04:51:42,12:11:15,19:30:48,14:39:06,04:20:18,20:02:13
2015-5-26,04:51:04,12:11:21,19:31:38,14:40:34,04:19:35,20:03:08
2015-5-27,04:50:28,12:11:28,19:32:28,14:42:00,04:18:54,20:04:02
2015-5-28,04:49:54,12:11:35,19:33:16,14:43:22,04:18:15,20:04:55
2015-5-29,04:49:22,12:11:43,19:34:03,14:44:41,04:17:38,20:05:47
2015-5-30,04:48:52,12:11:51,19:34:49,14:45:57,04:17:03,20:06:38
2015-5-31,04:48:24,12:11:59,19:35:34,14:47:10,04:16:31,20:07:27
2015-6-01,04:47:57,12:12:08,19:36:19,14:48:22,04:16:00,20:08:16
2015-6-02,04:47:33,12:12:17,19:37:02,14:49:29,04:15:31,20:09:03
2015-6-03,04:47:10,12:12:27,19:37:44,14:50:34,04:15:04,20:09:49
2015-6-04,04:46:49,12:12:37,19:38:24,14:51:35,04:14:40,20:10:34
2015-6-05,04:46:31,12:12:47,19:39:04,14:52:33,04:14:17,20:11:17
2015-6-06,04:46:14,12:12:58,19:39:42,14:53:28,04:13:57,20:11:58
2015-6-07,04:45:59,12:13:09,19:40:19,14:54:20,04:13:39,20:12:39
2015-6-08,04:45:46,12:13:20,19:40:54,14:55:08,04:13:23,20:13:17
2015-6-09,04:45:35,12:13:32,19:41:28,14:55:53,04:13:09,20:13:54
2015-6-10,04:45:26,12:13:43,19:42:01,14:56:35,04:12:57,20:14:30
2015-6-11,04:45:19,12:13:55,19:42:32,14:57:13,04:12:48,20:15:03
2015-6-12,04:45:13,12:14:08,19:43:02,14:57:49,04:12:40,20:15:35
2015-6-13,04:45:10,12:14:20,19:43:30,14:58:20,04:12:35,20:16:06
2015-6-14,04:45:09,12:14:33,19:43:57,14:58:48,04:12:31,20:16:34
2015-6-15,04:45:09,12:14:45,19:44:22,14:59:13,04:12:30,20:17:01
2015-6-16,04:45:12,12:14:58,19:44:45,14:59:33,04:12:31,20:17:25
2015-6-17,04:45:16,12:15:11,19:45:06,14:59:50,04:12:34,20:17:48
2015-6-18,04:45:22,12:15:24,19:45:26,15:00:04,04:12:40,20:18:09
2015-6-19,04:45:30,12:15:37,19:45:44,15:00:14,04:12:47,20:18:28
2015-6-20,04:45:40,12:15:50,19:46:01,15:00:21,04:12:56,20:18:44
2015-6-21,04:45:51,12:16:03,19:46:15,15:00:24,04:13:08,20:18:59
2015-6-22,04:46:05,12:16:16,19:46:28,15:00:23,04:13:21,20:19:12
2015-6-23,04:46:20,12:16:29,19:46:39,15:00:19,04:13:36,20:19:23
2015-6-24,04:46:37,12:16:42,19:46:48,15:00:11,04:13:54,20:19:31
2015-6-25,04:46:55,12:16:55,19:46:55,15:00:00,04:14:13,20:19:38
2015-6-26,04:47:15,12:17:08,19:47:01,14:59:46,04:14:34,20:19:42
2015-6-27,04:47:37,12:17:21,19:47:04,14:59:27,04:14:57,20:19:44
2015-6-28,04:48:01,12:17:33,19:47:05,14:59:04,04:15:22,20:19:44
2015-6-29,04:48:26,12:17:45,19:47:05,14:58:39,04:15:49,20:19:42
2015-6-30,04:48:52,12:17:57,19:47:02,14:58:10,04:16:17,20:19:37
2015-7-01,04:49:20,12:18:09,19:46:58,14:57:38,04:16:47,20:19:31
2015-7-02,04:49:49,12:18:21,19:46:52,14:57:03,04:17:19,20:19:22
2015-7-03,04:50:20,12:18:32,19:46:43,14:56:23,04:17:52,20:19:11
2015-7-04,04:50:53,12:18:43,19:46:33,14:55:40,04:18:27,20:18:58
2015-7-05,04:51:26,12:18:53,19:46:21,14:54:55,04:19:04,20:18:43
2015-7-06,04:52:01,12:19:04,19:46:06,14:54:05,04:19:42,20:18:25
2015-7-07,04:52:37,12:19:14,19:45:50,14:53:13,04:20:22,20:18:06
2015-7-08,04:53:15,12:19:23,19:45:32,14:52:17,04:21:03,20:17:44
2015-7-09,04:53:53,12:19:32,19:45:11,14:51:18,04:21:45,20:17:20
2015-7-10,04:54:33,12:19:41,19:44:49,14:50:16,04:22:29,20:16:54
2015-7-11,04:55:14,12:19:50,19:44:25,14:49:11,04:23:13,20:16:26
2015-7-12,04:55:56,12:19:57,19:43:59,14:48:03,04:24:00,20:15:55
2015-7-13,04:56:39,12:20:05,19:43:31,14:46:52,04:24:47,20:15:23
2015-7-14,04:57:23,12:20:12,19:43:01,14:45:38,04:25:35,20:14:48
2015-7-15,04:58:08,12:20:18,19:42:29,14:44:21,04:26:25,20:14:12
2015-7-16,04:58:53,12:20:24,19:41:55,14:43:02,04:27:15,20:13:33
2015-7-17,04:59:40,12:20:30,19:41:19,14:41:39,04:28:07,20:12:53
2015-7-18,05:00:28,12:20:35,19:40:42,14:40:14,04:28:59,20:12:10
2015-7-19,05:01:16,12:20:39,19:40:03,14:38:47,04:29:52,20:11:26
2015-7-20,05:02:05,12:20:43,19:39:21,14:37:16,04:30:47,20:10:39
2015-7-21,05:02:54,12:20:46,19:38:38,14:35:44,04:31:41,20:09:51
2015-7-22,05:03:45,12:20:49,19:37:53,14:34:08,04:32:37,20:09:01
2015-7-23,05:04:36,12:20:51,19:37:07,14:32:31,04:33:33,20:08:09
2015-7-24,05:05:27,12:20:53,19:36:18,14:30:51,04:34:30,20:07:15
2015-7-25,05:06:19,12:20:54,19:35:28,14:29:09,04:35:28,20:06:20
2015-7-26,05:07:12,12:20:54,19:34:37,14:27:25,04:36:26,20:05:22
2015-7-27,05:08:05,12:20:54,19:33:43,14:25:38,04:37:25,20:04:23
2015-7-28,05:08:58,12:20:53,19:32:48,14:23:50,04:38:24,20:03:23
2015-7-29,05:09:52,12:20:52,19:31:51,14:21:59,04:39:23,20:02:20
2015-7-30,05:10:47,12:20:50,19:30:53,14:20:06,04:40:23,20:01:16
2015-7-31,05:11:41,12:20:47,19:29:53,14:18:12,04:41:24,20:00:11
2015-8-01,05:12:36,12:20:44,19:28:52,14:16:16,04:42:24,19:59:04
2015-8-02,05:13:31,12:20:40,19:27:49,14:14:18,04:43:25,19:57:55
2015-8-03,05:14:27,12:20:36,19:26:44,14:12:17,04:44:26,19:56:45
2015-8-04,05:15:23,12:20:31,19:25:39,14:10:16,04:45:28,19:55:33
2015-8-05,05:16:19,12:20:25,19:24:31,14:08:12,04:46:29,19:54:21
2015-8-06,05:17:15,12:20:19,19:23:23,14:06:08,04:47:31,19:53:06
2015-8-07,05:18:11,12:20:12,19:22:13,14:04:02,04:48:33,19:51:51
2015-8-08,05:19:08,12:20:04,19:21:01,14:01:53,04:49:35,19:50:34
2015-8-09,05:20:04,12:19:56,19:19:49,13:59:45,04:50:37,19:49:16
2015-8-10,05:21:01,12:19:48,19:18:35,13:57:34,04:51:39,19:47:56
2015-8-11,05:21:58,12:19:39,19:17:20,13:55:22,04:52:41,19:46:36
2015-8-12,05:22:54,12:19:29,19:16:04,13:53:10,04:53:44,19:45:14
2015-8-13,05:23:51,12:19:19,19:14:46,13:50:55,04:54:46,19:43:51
2015-8-14,05:24:48,12:19:08,19:13:27,13:48:39,04:55:48,19:42:28
2015-8-15,05:25:45,12:18:56,19:12:08,13:46:23,04:56:50,19:41:03
2015-8-16,05:26:42,12:18:44,19:10:47,13:44:05,04:57:52,19:39:37
2015-8-17,05:27:39,12:18:32,19:09:25,13:41:46,04:58:54,19:38:10
2015-8-18,05:28:36,12:18:19,19:08:02,13:39:26,04:59:56,19:36:42
2015-8-19,05:29:33,12:18:06,19:06:38,13:37:05,05:00:58,19:35:13
2015-8-20,05:30:30,12:17:52,19:05:13,13:34:43,05:02:00,19:33:44
2015-8-21,05:31:27,12:17:37,19:03:47,13:32:20,05:03:01,19:32:13
2015-8-22,05:32:24,12:17:22,19:02:21,13:29:57,05:04:02,19:30:42
2015-8-23,05:33:20,12:17:07,19:00:53,13:27:33,05:05:04,19:29:10
2015-8-24,05:34:17,12:16:51,18:59:25,13:25:08,05:06:05,19:27:37
2015-8-25,05:35:14,12:16:35,18:57:56,13:22:42,05:07:06,19:26:04
2015-8-26,05:36:10,12:16:18,18:56:26,13:20:16,05:08:07,19:24:30
2015-8-27,05:37:07,12:16:01,18:54:55,13:17:48,05:09:07,19:22:55
2015-8-28,05:38:04,12:15:44,18:53:24,13:15:20,05:10:08,19:21:20
2015-8-29,05:39:00,12:15:26,18:51:52,13:12:52,05:11:08,19:19:44
2015-8-30,05:39:56,12:15:08,18:50:19,13:10:23,05:12:08,19:18:07
2015-8-31,05:40:53,12:14:49,18:48:46,13:07:53,05:13:08,19:16:30
2015-9-01,05:41:49,12:14:31,18:47:12,13:05:23,05:14:08,19:14:53
2015-9-02,05:42:45,12:14:11,18:45:37,13:02:52,05:15:08,19:13:15
2015-9-03,05:43:42,12:13:52,18:44:03,13:00:21,05:16:07,19:11:37
2015-9-04,05:44:38,12:13:32,18:42:27,12:57:49,05:17:07,19:09:58
2015-9-05,05:45:34,12:13:13,18:40:51,12:55:17,05:18:06,19:08:19
2015-9-06,05:46:30,12:12:52,18:39:15,12:52:45,05:19:05,19:06:40
2015-9-07,05:47:26,12:12:32,18:37:38,12:50:12,05:20:04,19:05:00
2015-9-08,05:48:22,12:12:12,18:36:01,12:47:39,05:21:03,19:03:20
2015-9-09,05:49:18,12:11:51,18:34:23,12:45:05,05:22:01,19:01:40
2015-9-10,05:50:14,12:11:30,18:32:46,12:42:32,05:23:00,19:00:00
2015-9-11,05:51:10,12:11:09,18:31:07,12:39:57,05:23:58,18:58:20
2015-9-12,05:52:07,12:10:48,18:29:29,12:37:22,05:24:57,18:56:39
2015-9-13,05:53:03,12:10:27,18:27:51,12:34:48,05:25:55,18:54:58
2015-9-14,05:53:59,12:10:05,18:26:12,12:32:13,05:26:53,18:53:18
2015-9-15,05:54:55,12:09:44,18:24:33,12:29:38,05:27:51,18:51:37
2015-9-16,05:55:51,12:09:23,18:22:54,12:27:03,05:28:49,18:49:56
2015-9-17,05:56:48,12:09:01,18:21:15,12:24:27,05:29:47,18:48:15
2015-9-18,05:57:44,12:08:40,18:19:35,12:21:51,05:30:45,18:46:35
2015-9-19,05:58:41,12:08:18,18:17:56,12:19:15,05:31:43,18:44:54
2015-9-20,05:59:37,12:07:57,18:16:17,12:16:40,05:32:40,18:43:13
2015-9-21,06:00:34,12:07:36,18:14:37,12:14:03,05:33:38,18:41:33
2015-9-22,06:01:31,12:07:14,18:12:58,12:11:27,05:34:36,18:39:53
2015-9-23,06:02:28,12:06:53,18:11:19,12:08:51,05:35:34,18:38:13
2015-9-24,06:03:25,12:06:32,18:09:40,12:06:15,05:36:31,18:36:33
2015-9-25,06:04:22,12:06:11,18:08:01,12:03:39,05:37:29,18:34:53
2015-9-26,06:05:19,12:05:51,18:06:22,12:01:03,05:38:27,18:33:14
2015-9-27,06:06:17,12:05:30,18:04:43,11:58:26,05:39:25,18:31:35
2015-9-28,06:07:15,12:05:10,18:03:05,11:55:50,05:40:23,18:29:56
2015-9-29,06:08:13,12:04:50,18:01:26,11:53:13,05:41:21,18:28:18
2015-9-30,06:09:11,12:04:30,17:59:49,11:50:38,05:42:19,18:26:40
2015-10-01,06:10:09,12:04:10,17:58:11,11:48:02,05:43:17,18:25:03
2015-10-02,06:11:08,12:03:51,17:56:34,11:45:26,05:44:16,18:23:26
2015-10-03,06:12:07,12:03:32,17:54:57,11:42:50,05:45:14,18:21:50
2015-10-04,06:13:06,12:03:13,17:53:20,11:40:14,05:46:13,18:20:14
2015-10-05,06:14:05,12:02:55,17:51:44,11:37:39,05:47:11,18:18:38
2015-10-06,06:15:05,12:02:37,17:50:09,11:35:04,05:48:10,18:17:04
2015-10-07,06:16:05,12:02:19,17:48:33,11:32:28,05:49:09,18:15:29
2015-10-08,06:17:05,12:02:02,17:46:59,11:29:54,05:50:08,18:13:56
2015-10-09,06:18:06,12:01:45,17:45:25,11:27:19,05:51:07,18:12:23
2015-10-10,06:19:06,12:01:29,17:43:51,11:24:45,05:52:07,18:10:51
2015-10-11,06:20:08,12:01:13,17:42:18,11:22:10,05:53:07,18:09:19
2015-10-12,06:21:09,12:00:58,17:40:46,11:19:37,05:54:06,18:07:49
2015-10-13,06:22:11,12:00:43,17:39:15,11:17:04,05:55:07,18:06:19
2015-10-14,06:23:13,12:00:28,17:37:44,11:14:31,05:56:07,18:04:50
2015-10-15,06:24:15,12:00:15,17:36:14,11:11:59,05:57:07,18:03:22
2015-10-16,06:25:18,12:00:01,17:34:45,11:09:27,05:58:08,18:01:55
2015-10-17,06:26:21,11:59:49,17:33:16,11:06:55,05:59:09,18:00:28
2015-10-18,06:27:24,11:59:37,17:31:49,11:04:25,06:00:10,17:59:03
2015-10-19,06:28:28,11:59:25,17:30:22,11:01:54,06:01:11,17:57:39
2015-10-20,06:29:32,11:59:14,17:28:56,10:59:24,06:02:13,17:56:15
2015-10-21,06:30:36,11:59:04,17:27:31,10:56:55,06:03:15,17:54:53
2015-10-22,06:31:41,11:58:54,17:26:08,10:54:27,06:04:17,17:53:32
2015-10-23,06:32:46,11:58:45,17:24:45,10:51:59,06:05:19,17:52:12
2015-10-24,06:33:51,11:58:37,17:23:23,10:49:32,06:06:22,17:50:53
2015-10-25,06:34:57,11:58:30,17:22:02,10:47:05,06:07:25,17:49:35
2015-10-26,06:36:03,11:58:23,17:20:43,10:44:40,06:08:27,17:48:18
2015-10-27,06:37:09,11:58:17,17:19:24,10:42:15,06:09:31,17:47:03
2015-10-28,06:38:16,11:58:11,17:18:07,10:39:51,06:10:34,17:45:49
2015-10-29,06:39:23,11:58:07,17:16:51,10:37:28,06:11:38,17:44:36
2015-10-30,06:40:30,11:58:03,17:15:36,10:35:06,06:12:41,17:43:25
2015-10-31,06:41:37,11:58:00,17:14:23,10:32:46,06:13:45,17:42:15
2015-11-01,06:42:45,11:57:58,17:13:11,10:30:26,06:14:49,17:41:06
2015-11-02,06:43:52,11:57:56,17:12:00,10:28:08,06:15:54,17:39:59
2015-11-03,06:45:00,11:57:56,17:10:51,10:25:51,06:16:58,17:38:53
2015-11-04,06:46:09,11:57:56,17:09:43,10:23:34,06:18:03,17:37:49
2015-11-05,06:47:17,11:57:57,17:08:37,10:21:20,06:19:07,17:36:46
2015-11-06,06:48:26,11:57:59,17:07:32,10:19:06,06:20:12,17:35:45
2015-11-07,06:49:34,11:58:01,17:06:28,10:16:54,06:21:17,17:34:46
2015-11-08,06:50:43,11:58:05,17:05:27,10:14:44,06:22:22,17:33:48
2015-11-09,06:51:52,11:58:09,17:04:26,10:12:34,06:23:27,17:32:51
2015-11-10,06:53:01,11:58:14,17:03:28,10:10:27,06:24:32,17:31:57
2015-11-11,06:54:09,11:58:20,17:02:31,10:08:22,06:25:37,17:31:04
2015-11-12,06:55:18,11:58:27,17:01:36,10:06:18,06:26:41,17:30:13
2015-11-13,06:56:27,11:58:35,17:00:43,10:04:16,06:27:46,17:29:23
2015-11-14,06:57:36,11:58:43,16:59:51,10:02:15,06:28:51,17:28:36
2015-11-15,06:58:44,11:58:53,16:59:01,10:00:17,06:29:56,17:27:50
2015-11-16,06:59:53,11:59:03,16:58:13,09:58:20,06:31:00,17:27:06
2015-11-17,07:01:01,11:59:14,16:57:27,09:56:26,06:32:04,17:26:24
2015-11-18,07:02:09,11:59:26,16:56:43,09:54:34,06:33:08,17:25:44
2015-11-19,07:03:17,11:59:39,16:56:01,09:52:44,06:34:12,17:25:06
2015-11-20,07:04:24,11:59:52,16:55:21,09:50:57,06:35:15,17:24:29
2015-11-21,07:05:31,12:00:07,16:54:42,09:49:11,06:36:19,17:23:55
2015-11-22,07:06:38,12:00:22,16:54:06,09:47:28,06:37:21,17:23:23
2015-11-23,07:07:44,12:00:38,16:53:32,09:45:48,06:38:24,17:22:52
2015-11-24,07:08:50,12:00:55,16:53:00,09:44:10,06:39:26,17:22:24
2015-11-25,07:09:55,12:01:12,16:52:30,09:42:35,06:40:27,17:21:58
2015-11-26,07:10:59,12:01:31,16:52:02,09:41:03,06:41:28,17:21:33
2015-11-27,07:12:03,12:01:50,16:51:36,09:39:33,06:42:28,17:21:11
2015-11-28,07:13:06,12:02:10,16:51:13,09:38:07,06:43:28,17:20:51
2015-11-29,07:14:09,12:02:30,16:50:51,09:36:42,06:44:27,17:20:33
2015-11-30,07:15:10,12:02:51,16:50:32,09:35:22,06:45:25,17:20:17
2015-12-01,07:16:11,12:03:13,16:50:15,09:34:04,06:46:23,17:20:03
2015-12-02,07:17:11,12:03:36,16:50:00,09:32:49,06:47:19,17:19:52
2015-12-03,07:18:10,12:03:59,16:49:48,09:31:38,06:48:15,17:19:42
2015-12-04,07:19:07,12:04:22,16:49:37,09:30:30,06:49:10,17:19:35
2015-12-05,07:20:04,12:04:47,16:49:29,09:29:25,06:50:04,17:19:29
2015-12-06,07:21:00,12:05:12,16:49:23,09:28:23,06:50:57,17:19:26
2015-12-07,07:21:54,12:05:37,16:49:20,09:27:26,06:51:49,17:19:25
2015-12-08,07:22:47,12:06:03,16:49:19,09:26:32,06:52:40,17:19:26
2015-12-09,07:23:39,12:06:29,16:49:20,09:25:41,06:53:29,17:19:29
2015-12-10,07:24:30,12:06:56,16:49:23,09:24:53,06:54:18,17:19:35
2015-12-11,07:25:19,12:07:23,16:49:28,09:24:09,06:55:05,17:19:42
2015-12-12,07:26:06,12:07:51,16:49:36,09:23:30,06:55:51,17:19:52
2015-12-13,07:26:53,12:08:19,16:49:46,09:22:53,06:56:35,17:20:03
2015-12-14,07:27:37,12:08:48,16:49:58,09:22:21,06:57:18,17:20:17
2015-12-15,07:28:20,12:09:16,16:50:12,09:21:52,06:58:00,17:20:32
2015-12-16,07:29:02,12:09:45,16:50:29,09:21:27,06:58:40,17:20:50
2015-12-17,07:29:41,12:10:14,16:50:47,09:21:06,06:59:19,17:21:10
2015-12-18,07:30:19,12:10:44,16:51:08,09:20:49,06:59:56,17:21:31
2015-12-19,07:30:55,12:11:13,16:51:31,09:20:36,07:00:32,17:21:55
2015-12-20,07:31:29,12:11:43,16:51:56,09:20:27,07:01:06,17:22:20
2015-12-21,07:32:02,12:12:13,16:52:23,09:20:21,07:01:38,17:22:47
2015-12-22,07:32:32,12:12:42,16:52:52,09:20:20,07:02:08,17:23:17
2015-12-23,07:33:01,12:13:12,16:53:24,09:20:23,07:02:37,17:23:48
2015-12-24,07:33:28,12:13:42,16:53:57,09:20:29,07:03:04,17:24:20
2015-12-25,07:33:52,12:14:12,16:54:32,09:20:40,07:03:29,17:24:55
2015-12-26,07:34:15,12:14:42,16:55:09,09:20:54,07:03:52,17:25:31
2015-12-27,07:34:35,12:15:11,16:55:47,09:21:12,07:04:13,17:26:09
2015-12-28,07:34:54,12:15:41,16:56:28,09:21:34,07:04:33,17:26:49
2015-12-29,07:35:10,12:16:10,16:57:10,09:22:00,07:04:50,17:27:30
2015-12-30,07:35:24,12:16:39,16:57:54,09:22:30,07:05:06,17:28:13
2015-12-31,07:35:36,12:17:08,16:58:40,09:23:04,07:05:19,17:28:57
2016-1-01,07:35:46,12:17:37,16:59:27,09:23:41,07:05:31,17:29:42
2016-1-02,07:35:53,12:18:05,17:00:16,09:24:23,07:05:40,17:30:30
2016-1-03,07:35:59,12:18:33,17:01:07,09:25:08,07:05:48,17:31:18
2016-1-04,07:36:02,12:19:00,17:01:59,09:25:57,07:05:53,17:32:08
2016-1-05,07:36:03,12:19:28,17:02:52,09:26:49,07:05:57,17:32:59
2016-1-06,07:36:02,12:19:54,17:03:47,09:27:45,07:05:58,17:33:51
2016-1-07,07:35:59,12:20:21,17:04:43,09:28:44,07:05:57,17:34:45
2016-1-08,07:35:53,12:20:47,17:05:40,09:29:47,07:05:54,17:35:39
2016-1-09,07:35:45,12:21:12,17:06:39,09:30:54,07:05:49,17:36:35
2016-1-10,07:35:35,12:21:37,17:07:38,09:32:03,07:05:42,17:37:31
2016-1-11,07:35:23,12:22:01,17:08:39,09:33:16,07:05:33,17:38:29
2016-1-12,07:35:09,12:22:25,17:09:41,09:34:32,07:05:22,17:39:28
2016-1-13,07:34:52,12:22:48,17:10:43,09:35:51,07:05:09,17:40:27
2016-1-14,07:34:33,12:23:10,17:11:47,09:37:14,07:04:53,17:41:27
2016-1-15,07:34:13,12:23:32,17:12:52,09:38:39,07:04:36,17:42:28
2016-1-16,07:33:49,12:23:53,17:13:57,09:40:08,07:04:16,17:43:30
2016-1-17,07:33:24,12:24:14,17:15:03,09:41:39,07:03:55,17:44:33
2016-1-18,07:32:57,12:24:33,17:16:10,09:43:13,07:03:31,17:45:36
2016-1-19,07:32:28,12:24:53,17:17:17,09:44:49,07:03:05,17:46:40
2016-1-20,07:31:56,12:25:11,17:18:26,09:46:30,07:02:38,17:47:44
2016-1-21,07:31:23,12:25:28,17:19:34,09:48:11,07:02:08,17:48:49
2016-1-22,07:30:47,12:25:45,17:20:43,09:49:56,07:01:37,17:49:54
2016-1-23,07:30:10,12:26:01,17:21:53,09:51:43,07:01:03,17:51:00
2016-1-24,07:29:30,12:26:17,17:23:03,09:53:33,07:00:28,17:52:06
2016-1-25,07:28:49,12:26:31,17:24:14,09:55:25,06:59:50,17:53:12
2016-1-26,07:28:05,12:26:45,17:25:24,09:57:19,06:59:11,17:54:19
2016-1-27,07:27:20,12:26:58,17:26:35,09:59:15,06:58:30,17:55:26
2016-1-28,07:26:33,12:27:10,17:27:47,10:01:14,06:57:47,17:56:33
2016-1-29,07:25:44,12:27:21,17:28:58,10:03:14,06:57:02,17:57:41
2016-1-30,07:24:54,12:27:32,17:30:10,10:05:16,06:56:15,17:58:48
2016-1-31,07:24:01,12:27:41,17:31:22,10:07:21,06:55:27,17:59:56
2016-2-01,07:23:07,12:27:50,17:32:34,10:09:27,06:54:36,18:01:04
2016-2-02,07:22:11,12:27:58,17:33:46,10:11:35,06:53:45,18:02:12
2016-2-03,07:21:13,12:28:06,17:34:58,10:13:45,06:52:51,18:03:20
2016-2-04,07:20:14,12:28:12,17:36:10,10:15:56,06:51:56,18:04:28
2016-2-05,07:19:13,12:28:18,17:37:22,10:18:09,06:50:59,18:05:36
2016-2-06,07:18:11,12:28:22,17:38:34,10:20:23,06:50:00,18:06:45
2016-2-07,07:17:07,12:28:26,17:39:46,10:22:39,06:49:00,18:07:53
2016-2-08,07:16:02,12:28:30,17:40:57,10:24:55,06:47:59,18:09:01
2016-2-09,07:14:55,12:28:32,17:42:09,10:27:14,06:46:55,18:10:09
2016-2-10,07:13:47,12:28:34,17:43:20,10:29:33,06:45:51,18:11:16
2016-2-11,07:12:37,12:28:34,17:44:32,10:31:55,06:44:45,18:12:24
2016-2-12,07:11:26,12:28:35,17:45:43,10:34:17,06:43:37,18:13:32
2016-2-13,07:10:14,12:28:34,17:46:54,10:36:40,06:42:28,18:14:39
2016-2-14,07:09:00,12:28:32,17:48:04,10:39:04,06:41:18,18:15:47
2016-2-15,07:07:46,12:28:30,17:49:15,10:41:29,06:40:07,18:16:54
2016-2-16,07:06:30,12:28:27,17:50:25,10:43:55,06:38:54,18:18:01
2016-2-17,07:05:12,12:28:24,17:51:35,10:46:23,06:37:40,18:19:08
2016-2-18,07:03:54,12:28:19,17:52:45,10:48:51,06:36:24,18:20:14
2016-2-19,07:02:35,12:28:14,17:53:54,10:51:19,06:35:08,18:21:21
2016-2-20,07:01:14,12:28:09,17:55:03,10:53:49,06:33:50,18:22:27
2016-2-21,06:59:53,12:28:02,17:56:12,10:56:19,06:32:31,18:23:33
2016-2-22,06:58:30,12:27:55,17:57:20,10:58:50,06:31:11,18:24:39
2016-2-23,06:57:07,12:27:48,17:58:29,11:01:22,06:29:50,18:25:45
2016-2-24,06:55:42,12:27:39,17:59:37,11:03:55,06:28:28,18:26:51
2016-2-25,06:54:17,12:27:31,18:00:44,11:06:27,06:27:05,18:27:56
2016-2-26,06:52:51,12:27:21,18:01:52,11:09:01,06:25:41,18:29:01
2016-2-27,06:51:24,12:27:11,18:02:59,11:11:35,06:24:16,18:30:06
2016-2-28,06:49:56,12:27:00,18:04:05,11:14:09,06:22:50,18:31:11
2016-2-29,06:48:27,12:26:49,18:05:12,11:16:45,06:21:23,18:32:15
2016-3-01,06:46:58,12:26:38,18:06:18,11:19:20,06:19:56,18:33:20
2016-3-02,06:45:28,12:26:26,18:07:23,11:21:55,06:18:27,18:34:24
2016-3-03,06:43:57,12:26:13,18:08:29,11:24:32,06:16:58,18:35:28
2016-3-04,06:42:26,12:26:00,18:09:34,11:27:08,06:15:28,18:36:32
2016-3-05,06:40:54,12:25:47,18:10:39,11:29:45,06:13:58,18:37:36
2016-3-06,06:39:22,12:25:33,18:11:44,11:32:22,06:12:26,18:38:39
2016-3-07,06:37:49,12:25:18,18:12:48,11:34:59,06:10:54,18:39:42
2016-3-08,06:36:15,12:25:04,18:13:52,11:37:37,06:09:22,18:40:46
2016-3-09,06:34:41,12:24:49,18:14:56,11:40:15,06:07:48,18:41:49
2016-3-10,06:33:07,12:24:33,18:16:00,11:42:53,06:06:14,18:42:52
2016-3-11,06:31:32,12:24:17,18:17:03,11:45:31,06:04:40,18:43:55
2016-3-12,06:29:57,12:24:01,18:18:06,11:48:09,06:03:05,18:44:58
2016-3-13,06:28:21,12:23:45,18:19:09,11:50:48,06:01:30,18:46:00
2016-3-14,06:26:45,12:23:29,18:20:12,11:53:27,05:59:54,18:47:03
2016-3-15,06:25:09,12:23:12,18:21:14,11:56:05,05:58:18,18:48:05
2016-3-16,06:23:33,12:22:55,18:22:16,11:58:43,05:56:42,18:49:08
2016-3-17,06:21:56,12:22:37,18:23:18,12:01:22,05:55:05,18:50:10
2016-3-18,06:20:20,12:22:20,18:24:20,12:04:00,05:53:28,18:51:13
2016-3-19,06:18:43,12:22:02,18:25:22,12:06:39,05:51:50,18:52:15
2016-3-20,06:17:06,12:21:45,18:26:24,12:09:18,05:50:12,18:53:17
2016-3-21,06:15:29,12:21:27,18:27:25,12:11:56,05:48:34,18:54:19
2016-3-22,06:13:51,12:21:09,18:28:27,12:14:36,05:46:56,18:55:22
2016-3-23,06:12:14,12:20:51,18:29:28,12:17:14,05:45:18,18:56:24
2016-3-24,06:10:37,12:20:33,18:30:29,12:19:52,05:43:39,18:57:26
2016-3-25,06:09:00,12:20:15,18:31:30,12:22:30,05:42:01,18:58:29
2016-3-26,06:07:23,12:19:57,18:32:31,12:25:08,05:40:22,18:59:31
2016-3-27,06:05:46,12:19:38,18:33:31,12:27:45,05:38:43,19:00:34
2016-3-28,06:04:09,12:19:20,18:34:32,12:30:23,05:37:05,19:01:36
2016-3-29,06:02:32,12:19:02,18:35:33,12:33:01,05:35:26,19:02:39
2016-3-30,06:00:55,12:18:44,18:36:33,12:35:38,05:33:47,19:03:41
2016-3-31,05:59:19,12:18:26,18:37:34,12:38:15,05:32:09,19:04:44
2016-4-01,05:57:43,12:18:09,18:38:35,12:40:52,05:30:30,19:05:47
2016-4-02,05:56:07,12:17:51,18:39:35,12:43:28,05:28:52,19:06:50
2016-4-03,05:54:31,12:17:33,18:40:35,12:46:04,05:27:14,19:07:53
2016-4-04,05:52:56,12:17:16,18:41:36,12:48:40,05:25:36,19:08:56
2016-4-05,05:51:21,12:16:59,18:42:36,12:51:15,05:23:58,19:09:59
2016-4-06,05:49:46,12:16:42,18:43:37,12:53:51,05:22:21,19:11:02
2016-4-07,05:48:12,12:16:25,18:44:37,12:56:25,05:20:44,19:12:06
2016-4-08,05:46:39,12:16:08,18:45:38,12:58:59,05:19:07,19:13:10
2016-4-09,05:45:05,12:15:52,18:46:38,13:01:33,05:17:30,19:14:13
2016-4-10,05:43:33,12:15:36,18:47:39,13:04:06,05:15:54,19:15:17
2016-4-11,05:42:01,12:15:20,18:48:39,13:06:38,05:14:19,19:16:21
2016-4-12,05:40:29,12:15:04,18:49:40,13:09:11,05:12:43,19:17:25
2016-4-13,05:38:58,12:14:49,18:50:40,13:11:42,05:11:09,19:18:30
2016-4-14,05:37:28,12:14:34,18:51:41,13:14:13,05:09:34,19:19:34
2016-4-15,05:35:58,12:14:20,18:52:41,13:16:43,05:08:01,19:20:39
2016-4-16,05:34:29,12:14:06,18:53:42,13:19:13,05:06:28,19:21:43
2016-4-17,05:33:01,12:13:52,18:54:43,13:21:42,05:04:55,19:22:48
2016-4-18,05:31:34,12:13:38,18:55:43,13:24:09,05:03:24,19:23:53
2016-4-19,05:30:07,12:13:25,18:56:44,13:26:37,05:01:53,19:24:58
2016-4-20,05:28:41,12:13:13,18:57:45,13:29:04,05:00:22,19:26:04
2016-4-21,05:27:16,12:13:01,18:58:45,13:31:29,04:58:53,19:27:09
2016-4-22,05:25:52,12:12:49,18:59:46,13:33:54,04:57:24,19:28:14
2016-4-23,05:24:29,12:12:38,19:00:47,13:36:18,04:55:56,19:29:20
2016-4-24,05:23:06,12:12:27,19:01:48,13:38:42,04:54:29,19:30:25
2016-4-25,05:21:45,12:12:17,19:02:48,13:41:03,04:53:02,19:31:31
2016-4-26,05:20:25,12:12:07,19:03:49,13:43:24,04:51:37,19:32:37
2016-4-27,05:19:06,12:11:58,19:04:49,13:45:43,04:50:13,19:33:42
2016-4-28,05:17:48,12:11:49,19:05:50,13:48:02,04:48:49,19:34:48
2016-4-29,05:16:31,12:11:41,19:06:50,13:50:19,04:47:27,19:35:54
2016-4-30,05:15:15,12:11:33,19:07:51,13:52:36,04:46:06,19:37:00
2016-5-01,05:14:00,12:11:26,19:08:51,13:54:51,04:44:46,19:38:05
2016-5-02,05:12:46,12:11:19,19:09:51,13:57:05,04:43:27,19:39:11
2016-5-03,05:11:34,12:11:13,19:10:51,13:59:17,04:42:09,19:40:17
2016-5-04,05:10:23,12:11:07,19:11:51,14:01:28,04:40:52,19:41:22
2016-5-05,05:09:13,12:11:02,19:12:51,14:03:38,04:39:37,19:42:27
2016-5-06,05:08:05,12:10:58,19:13:50,14:05:45,04:38:23,19:43:33
2016-5-07,05:06:58,12:10:54,19:14:50,14:07:52,04:37:10,19:44:37
2016-5-08,05:05:52,12:10:50,19:15:49,14:09:57,04:35:59,19:45:42
2016-5-09,05:04:48,12:10:48,19:16:48,14:12:00,04:34:49,19:46:47
2016-5-10,05:03:45,12:10:45,19:17:46,14:14:01,04:33:40,19:47:51
2016-5-11,05:02:43,12:10:44,19:18:44,14:16:01,04:32:33,19:48:55
2016-5-12,05:01:44,12:10:43,19:19:42,14:17:58,04:31:27,19:49:58
2016-5-13,05:00:45,12:10:42,19:20:39,14:19:54,04:30:23,19:51:02
2016-5-14,04:59:48,12:10:42,19:21:36,14:21:48,04:29:21,19:52:04
2016-5-15,04:58:53,12:10:43,19:22:33,14:23:40,04:28:20,19:53:07
2016-5-16,04:58:00,12:10:44,19:23:29,14:25:29,04:27:20,19:54:08
2016-5-17,04:57:08,12:10:46,19:24:25,14:27:17,04:26:23,19:55:10
2016-5-18,04:56:17,12:10:48,19:25:20,14:29:03,04:25:27,19:56:10
2016-5-19,04:55:29,12:10:51,19:26:14,14:30:45,04:24:32,19:57:10
2016-5-20,04:54:42,12:10:55,19:27:08,14:32:26,04:23:40,19:58:10
2016-5-21,04:53:56,12:10:59,19:28:01,14:34:05,04:22:49,19:59:08
2016-5-22,04:53:13,12:11:03,19:28:54,14:35:41,04:22:01,20:00:06
2016-5-23,04:52:31,12:11:08,19:29:45,14:37:14,04:21:14,20:01:03
2016-5-24,04:51:51,12:11:14,19:30:36,14:38:45,04:20:28,20:01:59
2016-5-25,04:51:13,12:11:20,19:31:26,14:40:13,04:19:45,20:02:54
2016-5-26,04:50:37,12:11:26,19:32:16,14:41:39,04:19:04,20:03:49
2016-5-27,04:50:02,12:11:33,19:33:04,14:43:02,04:18:25,20:04:42
2016-5-28,04:49:30,12:11:41,19:33:52,14:44:22,04:17:47,20:05:34
2016-5-29,04:48:59,12:11:49,19:34:38,14:45:39,04:17:12,20:06:26
2016-5-30,04:48:30,12:11:57,19:35:24,14:46:54,04:16:39,20:07:16
2016-5-31,04:48:03,12:12:06,19:36:08,14:48:05,04:16:07,20:08:04
2016-6-01,04:47:38,12:12:15,19:36:51,14:49:13,04:15:38,20:08:52
2016-6-02,04:47:15,12:12:25,19:37:34,14:50:19,04:15:11,20:09:38
2016-6-03,04:46:54,12:12:34,19:38:15,14:51:21,04:14:46,20:10:23
2016-6-04,04:46:35,12:12:45,19:38:54,14:52:19,04:14:23,20:11:06
2016-6-05,04:46:18,12:12:55,19:39:33,14:53:15,04:14:02,20:11:49
2016-6-06,04:46:02,12:13:06,19:40:10,14:54:08,04:13:43,20:12:29
2016-6-07,04:45:49,12:13:17,19:40:46,14:54:57,04:13:27,20:13:08
2016-6-08,04:45:38,12:13:29,19:41:20,14:55:42,04:13:12,20:13:46
2016-6-09,04:45:28,12:13:41,19:41:53,14:56:25,04:13:00,20:14:21
2016-6-10,04:45:20,12:13:53,19:42:25,14:57:05,04:12:50,20:14:55
2016-6-11,04:45:15,12:14:05,19:42:55,14:57:40,04:12:42,20:15:28
2016-6-12,04:45:11,12:14:17,19:43:23,14:58:12,04:12:36,20:15:58
2016-6-13,04:45:09,12:14:30,19:43:50,14:58:41,04:12:32,20:16:27
2016-6-14,04:45:09,12:14:42,19:44:16,14:59:07,04:12:31,20:16:54
2016-6-15,04:45:11,12:14:55,19:44:39,14:59:28,04:12:31,20:17:19
2016-6-16,04:45:15,12:15:08,19:45:01,14:59:46,04:12:34,20:17:43
2016-6-17,04:45:21,12:15:21,19:45:22,15:00:01,04:12:38,20:18:04
2016-6-18,04:45:28,12:15:34,19:45:40,15:00:12,04:12:45,20:18:23
2016-6-19,04:45:38,12:15:47,19:45:57,15:00:19,04:12:54,20:18:41
2016-6-20,04:45:49,12:16:00,19:46:12,15:00:23,04:13:05,20:18:56
2016-6-21,04:46:02,12:16:13,19:46:25,15:00:23,04:13:18,20:19:09
2016-6-22,04:46:16,12:16:26,19:46:37,15:00:21,04:13:33,20:19:20
2016-6-23,04:46:33,12:16:39,19:46:46,15:00:13,04:13:50,20:19:29
2016-6-24,04:46:51,12:16:52,19:46:54,15:00:03,04:14:08,20:19:36
2016-6-25,04:47:11,12:17:05,19:47:00,14:59:49,04:14:29,20:19:41
2016-6-26,04:47:32,12:17:18,19:47:03,14:59:31,04:14:52,20:19:44
2016-6-27,04:47:55,12:17:30,19:47:05,14:59:10,04:15:16,20:19:44
2016-6-28,04:48:20,12:17:42,19:47:05,14:58:45,04:15:42,20:19:43
2016-6-29,04:48:46,12:17:54,19:47:03,14:58:17,04:16:10,20:19:39
2016-6-30,04:49:13,12:18:06,19:46:59,14:57:46,04:16:40,20:19:33
2016-7-01,04:49:42,12:18:18,19:46:53,14:57:11,04:17:11,20:19:25
2016-7-02,04:50:13,12:18:29,19:46:46,14:56:33,04:17:44,20:19:14
2016-7-03,04:50:45,12:18:40,19:46:36,14:55:51,04:18:19,20:19:02
2016-7-04,04:51:18,12:18:51,19:46:24,14:55:06,04:18:55,20:18:47
2016-7-05,04:51:53,12:19:01,19:46:10,14:54:17,04:19:33,20:18:30
2016-7-06,04:52:29,12:19:11,19:45:54,14:53:25,04:20:12,20:18:11
2016-7-07,04:53:06,12:19:21,19:45:36,14:52:30,04:20:53,20:17:49
2016-7-08,04:53:44,12:19:30,19:45:17,14:51:33,04:21:35,20:17:26
2016-7-09,04:54:24,12:19:39,19:44:55,14:50:31,04:22:18,20:17:00
2016-7-10,04:55:04,12:19:48,19:44:31,14:49:27,04:23:03,20:16:33
2016-7-11,04:55:46,12:19:56,19:44:06,14:48:20,04:23:48,20:16:03
2016-7-12,04:56:29,12:20:03,19:43:38,14:47:09,04:24:36,20:15:31
2016-7-13,04:57:12,12:20:10,19:43:08,14:45:56,04:25:24,20:14:57
2016-7-14,04:57:57,12:20:17,19:42:37,14:44:40,04:26:13,20:14:21
2016-7-15,04:58:43,12:20:23,19:42:04,14:43:21,04:27:03,20:13:43
2016-7-16,04:59:29,12:20:29,19:41:28,14:41:59,04:27:54,20:13:03
2016-7-17,05:00:16,12:20:34,19:40:51,14:40:35,04:28:47,20:12:21
2016-7-18,05:01:04,12:20:38,19:40:12,14:39:08,04:29:40,20:11:37
2016-7-19,05:01:53,12:20:42,19:39:32,14:37:39,04:30:34,20:10:51
2016-7-20,05:02:42,12:20:46,19:38:49,14:36:07,04:31:28,20:10:03
2016-7-21,05:03:33,12:20:49,19:38:04,14:34:31,04:32:24,20:09:13
2016-7-22,05:04:23,12:20:51,19:37:18,14:32:55,04:33:20,20:08:22
2016-7-23,05:05:15,12:20:53,19:36:30,14:31:15,04:34:17,20:07:28
2016-7-24,05:06:07,12:20:54,19:35:41,14:29:34,04:35:14,20:06:33
2016-7-25,05:06:59,12:20:54,19:34:49,14:27:50,04:36:12,20:05:36
2016-7-26,05:07:52,12:20:54,19:33:56,14:26:04,04:37:11,20:04:38
2016-7-27,05:08:46,12:20:54,19:33:02,14:24:16,04:38:10,20:03:37
2016-7-28,05:09:39,12:20:52,19:32:05,14:22:26,04:39:09,20:02:35
2016-7-29,05:10:34,12:20:50,19:31:07,14:20:33,04:40:09,20:01:32
2016-7-30,05:11:28,12:20:48,19:30:08,14:18:40,04:41:09,20:00:27
2016-7-31,05:12:23,12:20:45,19:29:07,14:16:44,04:42:10,19:59:20
2016-8-01,05:13:18,12:20:41,19:28:04,14:14:46,04:43:11,19:58:12
2016-8-02,05:14:14,12:20:37,19:27:00,14:12:46,04:44:12,19:57:02
2016-8-03,05:15:09,12:20:32,19:25:55,14:10:46,04:45:13,19:55:51
2016-8-04,05:16:05,12:20:27,19:24:48,14:08:43,04:46:15,19:54:38
2016-8-05,05:17:01,12:20:20,19:23:40,14:06:39,04:47:16,19:53:24
2016-8-06,05:17:58,12:20:14,19:22:30,14:04:32,04:48:18,19:52:09
2016-8-07,05:18:54,12:20:06,19:21:19,14:02:25,04:49:20,19:50:53
2016-8-08,05:19:51,12:19:59,19:20:07,14:00:16,04:50:22,19:49:35
2016-8-09,05:20:47,12:19:50,19:18:53,13:58:06,04:51:24,19:48:16
2016-8-10,05:21:44,12:19:41,19:17:38,13:55:54,04:52:27,19:46:56
2016-8-11,05:22:41,12:19:31,19:16:22,13:53:41,04:53:29,19:45:34
2016-8-12,05:23:38,12:19:21,19:15:05,13:51:27,04:54:31,19:44:12
2016-8-13,05:24:35,12:19:11,19:13:47,13:49:12,04:55:33,19:42:48
2016-8-14,05:25:32,12:18:59,19:12:27,13:46:55,04:56:35,19:41:23
2016-8-15,05:26:28,12:18:47,19:11:06,13:44:38,04:57:37,19:39:58
2016-8-16,05:27:25,12:18:35,19:09:45,13:42:20,04:58:39,19:38:31
2016-8-17,05:28:22,12:18:22,19:08:22,13:40:00,04:59:41,19:37:03
2016-8-18,05:29:19,12:18:09,19:06:59,13:37:40,05:00:43,19:35:35
2016-8-19,05:30:16,12:17:55,19:05:34,13:35:18,05:01:45,19:34:05
2016-8-20,05:31:13,12:17:41,19:04:08,13:32:55,05:02:46,19:32:35
2016-8-21,05:32:10,12:17:26,19:02:42,13:30:32,05:03:48,19:31:04
2016-8-22,05:33:07,12:17:11,19:01:15,13:28:08,05:04:49,19:29:32
2016-8-23,05:34:04,12:16:55,18:59:46,13:25:42,05:05:50,19:28:00
2016-8-24,05:35:00,12:16:39,18:58:18,13:23:18,05:06:51,19:26:27
2016-8-25,05:35:57,12:16:22,18:56:48,13:20:51,05:07:52,19:24:53
2016-8-26,05:36:53,12:16:05,18:55:17,13:18:24,05:08:53,19:23:18
2016-8-27,05:37:50,12:15:48,18:53:46,13:15:56,05:09:53,19:21:43
2016-8-28,05:38:47,12:15:30,18:52:14,13:13:27,05:10:54,19:20:07
2016-8-29,05:39:43,12:15:12,18:50:42,13:10:59,05:11:54,19:18:31
2016-8-30,05:40:39,12:14:54,18:49:09,13:08:30,05:12:54,19:16:54
2016-8-31,05:41:36,12:14:35,18:47:35,13:05:59,05:13:54,19:15:17
2016-9-01,05:42:32,12:14:16,18:46:00,13:03:28,05:14:54,19:13:39
2016-9-02,05:43:28,12:13:57,18:44:26,13:00:58,05:15:53,19:12:01
2016-9-03,05:44:24,12:13:37,18:42:50,12:58:26,05:16:53,19:10:22
2016-9-04,05:45:20,12:13:17,18:41:14,12:55:54,05:17:52,19:08:43
2016-9-05,05:46:17,12:12:57,18:39:38,12:53:21,05:18:51,19:07:04
2016-9-06,05:47:13,12:12:37,18:38:02,12:50:49,05:19:50,19:05:24
2016-9-07,05:48:09,12:12:17,18:36:24,12:48:15,05:20:49,19:03:45
2016-9-08,05:49:05,12:11:56,18:34:47,12:45:42,05:21:47,19:02:05
2016-9-09,05:50:01,12:11:35,18:33:09,12:43:08,05:22:46,19:00:24
2016-9-10,05:50:57,12:11:14,18:31:31,12:40:34,05:23:44,18:58:44
2016-9-11,05:51:53,12:10:53,18:29:53,12:38:00,05:24:43,18:57:03
2016-9-12,05:52:49,12:10:32,18:28:14,12:35:25,05:25:41,18:55:23
2016-9-13,05:53:45,12:10:11,18:26:36,12:32:51,05:26:39,18:53:42
2016-9-14,05:54:42,12:09:49,18:24:57,12:30:15,05:27:37,18:52:01
2016-9-15,05:55:38,12:09:28,18:23:18,12:27:40,05:28:35,18:50:20
2016-9-16,05:56:34,12:09:06,18:21:39,12:25:05,05:29:33,18:48:40
2016-9-17,05:57:30,12:08:45,18:19:59,12:22:29,05:30:31,18:46:59
2016-9-18,05:58:27,12:08:23,18:18:20,12:19:53,05:31:29,18:45:18
2016-9-19,05:59:24,12:08:02,18:16:41,12:17:17,05:32:26,18:43:38
2016-9-20,06:00:20,12:07:41,18:15:01,12:14:41,05:33:24,18:41:57
2016-9-21,06:01:17,12:07:19,18:13:22,12:12:05,05:34:22,18:40:17
2016-9-22,06:02:14,12:06:58,18:11:43,12:09:29,05:35:20,18:38:37
2016-9-23,06:03:11,12:06:37,18:10:04,12:06:53,05:36:18,18:36:57
2016-9-24,06:04:08,12:06:16,18:08:25,12:04:17,05:37:15,18:35:17
2016-9-25,06:05:06,12:05:56,18:06:46,12:01:40,05:38:13,18:33:38
2016-9-26,06:06:03,12:05:35,18:05:07,11:59:04,05:39:11,18:31:59
2016-9-27,06:07:01,12:05:15,18:03:28,11:56:27,05:40:09,18:30:20
2016-9-28,06:07:59,12:04:54,18:01:50,11:53:51,05:41:07,18:28:42
2016-9-29,06:08:57,12:04:35,18:00:12,11:51:15,05:42:05,18:27:04
2016-9-30,06:09:55,12:04:15,17:58:35,11:48:40,05:43:03,18:25:27
2016-10-01,06:10:54,12:03:55,17:56:57,11:46:03,05:44:01,18:23:49
2016-10-02,06:11:53,12:03:36,17:55:20,11:43:27,05:45:00,18:22:13
2016-10-03,06:12:52,12:03:18,17:53:44,11:40:52,05:45:58,18:20:37
2016-10-04,06:13:51,12:02:59,17:52:07,11:38:16,05:46:57,18:19:01
2016-10-05,06:14:51,12:02:41,17:50:32,11:35:41,05:47:56,18:17:26
2016-10-06,06:15:50,12:02:23,17:48:56,11:33:06,05:48:55,18:15:52
2016-10-07,06:16:51,12:02:06,17:47:22,11:30:31,05:49:54,18:14:18
2016-10-08,06:17:51,12:01:49,17:45:48,11:27:57,05:50:53,18:12:45
2016-10-09,06:18:52,12:01:33,17:44:14,11:25:22,05:51:53,18:11:13
2016-10-10,06:19:53,12:01:17,17:42:41,11:22:48,05:52:52,18:09:42
2016-10-11,06:20:54,12:01:01,17:41:09,11:20:15,05:53:52,18:08:11
2016-10-12,06:21:56,12:00:46,17:39:37,11:17:41,05:54:52,18:06:41
2016-10-13,06:22:58,12:00:32,17:38:06,11:15:08,05:55:52,18:05:11
2016-10-14,06:24:00,12:00:18,17:36:36,11:12:36,05:56:53,18:03:43
2016-10-15,06:25:03,12:00:04,17:35:06,11:10:03,05:57:53,18:02:16
2016-10-16,06:26:06,11:59:52,17:33:38,11:07:32,05:58:54,18:00:49
2016-10-17,06:27:09,11:59:39,17:32:10,11:05:01,05:59:55,17:59:24
2016-10-18,06:28:13,11:59:28,17:30:43,11:02:30,06:00:57,17:57:59
2016-10-19,06:29:16,11:59:17,17:29:17,11:00:01,06:01:58,17:56:35
2016-10-20,06:30:21,11:59:06,17:27:52,10:57:31,06:03:00,17:55:13
2016-10-21,06:31:25,11:58:57,17:26:28,10:55:03,06:04:02,17:53:51
2016-10-22,06:32:30,11:58:48,17:25:05,10:52:35,06:05:04,17:52:31
2016-10-23,06:33:36,11:58:39,17:23:43,10:50:07,06:06:07,17:51:12
2016-10-24,06:34:41,11:58:31,17:22:22,10:47:41,06:07:09,17:49:54
2016-10-25,06:35:47,11:58:24,17:21:02,10:45:15,06:08:12,17:48:37
2016-10-26,06:36:53,11:58:18,17:19:43,10:42:50,06:09:15,17:47:21
2016-10-27,06:38:00,11:58:13,17:18:26,10:40:26,06:10:19,17:46:07
2016-10-28,06:39:06,11:58:08,17:17:09,10:38:03,06:11:22,17:44:54
2016-10-29,06:40:13,11:58:04,17:15:54,10:35:41,06:12:26,17:43:42
2016-10-30,06:41:21,11:58:01,17:14:41,10:33:20,06:13:30,17:42:32
2016-10-31,06:42:28,11:57:58,17:13:28,10:31:00,06:14:34,17:41:23
2016-11-01,06:43:36,11:57:57,17:12:17,10:28:41,06:15:38,17:40:15
2016-11-02,06:44:44,11:57:56,17:11:07,10:26:23,06:16:42,17:39:09
2016-11-03,06:45:52,11:57:56,17:09:59,10:24:07,06:17:47,17:38:04
2016-11-04,06:47:00,11:57:56,17:08:52,10:21:52,06:18:52,17:37:01
2016-11-05,06:48:09,11:57:58,17:07:47,10:19:38,06:19:56,17:36:00
2016-11-06,06:49:17,11:58:00,17:06:43,10:17:26,06:21:01,17:35:00
2016-11-07,06:50:26,11:58:04,17:05:41,10:15:15,06:22:06,17:34:02
2016-11-08,06:51:35,11:58:08,17:04:41,10:13:06,06:23:11,17:33:05
2016-11-09,06:52:44,11:58:13,17:03:42,10:10:58,06:24:16,17:32:10
2016-11-10,06:53:53,11:58:19,17:02:45,10:08:52,06:25:21,17:31:17
2016-11-11,06:55:01,11:58:25,17:01:49,10:06:48,06:26:26,17:30:25
2016-11-12,06:56:10,11:58:33,17:00:55,10:04:45,06:27:30,17:29:35
2016-11-13,06:57:19,11:58:41,17:00:03,10:02:44,06:28:35,17:28:47
2016-11-14,06:58:28,11:58:50,16:59:13,10:00:45,06:29:40,17:28:01
2016-11-15,06:59:36,11:59:00,16:58:25,09:58:49,06:30:44,17:27:17
2016-11-16,07:00:44,11:59:11,16:57:38,09:56:54,06:31:49,17:26:34
2016-11-17,07:01:52,11:59:23,16:56:54,09:55:02,06:32:53,17:25:53
2016-11-18,07:03:00,11:59:36,16:56:11,09:53:11,06:33:56,17:25:15
2016-11-19,07:04:08,11:59:49,16:55:30,09:51:22,06:35:00,17:24:38
2016-11-20,07:05:15,12:00:03,16:54:52,09:49:37,06:36:03,17:24:03
2016-11-21,07:06:22,12:00:18,16:54:15,09:47:53,06:37:06,17:23:30
2016-11-22,07:07:28,12:00:34,16:53:40,09:46:12,06:38:09,17:22:59
2016-11-23,07:08:34,12:00:51,16:53:08,09:44:34,06:39:11,17:22:31
2016-11-24,07:09:39,12:01:08,16:52:37,09:42:58,06:40:12,17:22:04
2016-11-25,07:10:44,12:01:26,16:52:09,09:41:25,06:41:13,17:21:39
2016-11-26,07:11:48,12:01:45,16:51:42,09:39:54,06:42:14,17:21:16
2016-11-27,07:12:51,12:02:05,16:51:18,09:38:27,06:43:13,17:20:56
2016-11-28,07:13:53,12:02:25,16:50:56,09:37:03,06:44:13,17:20:37
2016-11-29,07:14:55,12:02:46,16:50:37,09:35:42,06:45:11,17:20:21
2016-11-30,07:15:56,12:03:08,16:50:19,09:34:23,06:46:09,17:20:07
2016-12-01,07:16:56,12:03:30,16:50:04,09:33:08,06:47:06,17:19:54
2016-12-02,07:17:55,12:03:53,16:49:51,09:31:56,06:48:02,17:19:44
2016-12-03,07:18:53,12:04:17,16:49:40,09:30:47,06:48:57,17:19:36
2016-12-04,07:19:50,12:04:41,16:49:31,09:29:41,06:49:51,17:19:30
2016-12-05,07:20:46,12:05:05,16:49:25,09:28:39,06:50:44,17:19:27
2016-12-06,07:21:41,12:05:31,16:49:21,09:27:40,06:51:36,17:19:25
2016-12-07,07:22:34,12:05:57,16:49:19,09:26:45,06:52:27,17:19:26
2016-12-08,07:23:27,12:06:23,16:49:19,09:25:52,06:53:17,17:19:28
2016-12-09,07:24:17,12:06:50,16:49:22,09:25:05,06:54:06,17:19:33
2016-12-10,07:25:07,12:07:17,16:49:27,09:24:20,06:54:53,17:19:40
2016-12-11,07:25:55,12:07:44,16:49:34,09:23:39,06:55:40,17:19:49
2016-12-12,07:26:41,12:08:12,16:49:43,09:23:02,06:56:24,17:20:00
2016-12-13,07:27:26,12:08:41,16:49:55,09:22:29,06:57:08,17:20:13
2016-12-14,07:28:10,12:09:09,16:50:08,09:21:58,06:57:50,17:20:28
2016-12-15,07:28:52,12:09:38,16:50:24,09:21:32,06:58:31,17:20:45
2016-12-16,07:29:32,12:10:07,16:50:43,09:21:11,06:59:10,17:21:04
2016-12-17,07:30:10,12:10:36,16:51:03,09:20:53,06:59:47,17:21:26
2016-12-18,07:30:46,12:11:06,16:51:25,09:20:39,07:00:23,17:21:49
2016-12-19,07:31:21,12:11:35,16:51:50,09:20:29,07:00:57,17:22:14
2016-12-20,07:31:54,12:12:05,16:52:16,09:20:22,07:01:30,17:22:41
2016-12-21,07:32:25,12:12:35,16:52:45,09:20:20,07:02:01,17:23:09
2016-12-22,07:32:54,12:13:05,16:53:16,09:20:22,07:02:30,17:23:40
2016-12-23,07:33:21,12:13:35,16:53:48,09:20:27,07:02:57,17:24:12
2016-12-24,07:33:46,12:14:05,16:54:23,09:20:37,07:03:23,17:24:46
2016-12-25,07:34:09,12:14:34,16:54:59,09:20:50,07:03:46,17:25:22
2016-12-26,07:34:30,12:15:04,16:55:38,09:21:08,07:04:08,17:26:00
2016-12-27,07:34:49,12:15:33,16:56:18,09:21:29,07:04:28,17:26:39
2016-12-28,07:35:06,12:16:03,16:57:00,09:21:54,07:04:46,17:27:20
2016-12-29,07:35:21,12:16:32,16:57:43,09:22:22,07:05:02,17:28:02
2016-12-30,07:35:33,12:17:01,16:58:29,09:22:56,07:05:16,17:28:46
2016-12-31,07:35:43,12:17:30,16:59:16,09:23:33,07:05:28,17:29:31
2017-1-01,07:35:52,12:17:58,17:00:04,09:24:12,07:05:38,17:30:18
2017-1-02,07:35:58,12:18:26,17:00:54,09:24:56,07:05:46,17:31:06
2017-1-03,07:36:01,12:18:54,17:01:46,09:25:45,07:05:52,17:31:55
2017-1-04,07:36:03,12:19:21,17:02:39,09:26:36,07:05:56,17:32:46
2017-1-05,07:36:02,12:19:48,17:03:33,09:27:31,07:05:58,17:33:38
2017-1-06,07:36:00,12:20:14,17:04:29,09:28:29,07:05:57,17:34:31
2017-1-07,07:35:55,12:20:40,17:05:26,09:29:31,07:05:55,17:35:26
2017-1-08,07:35:47,12:21:06,17:06:24,09:30:37,07:05:50,17:36:21
2017-1-09,07:35:38,12:21:31,17:07:24,09:31:46,07:05:44,17:37:17
2017-1-10,07:35:26,12:21:55,17:08:24,09:32:58,07:05:35,17:38:15
2017-1-11,07:35:12,12:22:19,17:09:25,09:34:13,07:05:25,17:39:13
2017-1-12,07:34:56,12:22:42,17:10:28,09:35:32,07:05:12,17:40:12
2017-1-13,07:34:38,12:23:05,17:11:31,09:36:53,07:04:57,17:41:12
2017-1-14,07:34:18,12:23:27,17:12:36,09:38:18,07:04:40,17:42:13
2017-1-15,07:33:55,12:23:48,17:13:41,09:39:46,07:04:21,17:43:15
2017-1-16,07:33:30,12:24:09,17:14:47,09:41:17,07:04:00,17:44:17
2017-1-17,07:33:04,12:24:29,17:15:54,09:42:50,07:03:37,17:45:20
2017-1-18,07:32:35,12:24:48,17:17:01,09:44:26,07:03:12,17:46:24
2017-1-19,07:32:04,12:25:06,17:18:09,09:46:05,07:02:45,17:47:28
2017-1-20,07:31:31,12:25:24,17:19:17,09:47:46,07:02:15,17:48:33
2017-1-21,07:30:56,12:25:41,17:20:26,09:49:30,07:01:44,17:49:38
2017-1-22,07:30:19,12:25:57,17:21:36,09:51:17,07:01:11,17:50:44
2017-1-23,07:29:40,12:26:13,17:22:46,09:53:06,07:00:36,17:51:50
2017-1-24,07:28:59,12:26:28,17:23:56,09:54:57,06:59:59,17:52:56
2017-1-25,07:28:16,12:26:42,17:25:07,09:56:51,06:59:20,17:54:03
2017-1-26,07:27:31,12:26:55,17:26:18,09:58:47,06:58:40,17:55:10
2017-1-27,07:26:45,12:27:07,17:27:29,10:00:44,06:57:57,17:56:17
2017-1-28,07:25:56,12:27:18,17:28:41,10:02:45,06:57:13,17:57:24
2017-1-29,07:25:06,12:27:29,17:29:52,10:04:46,06:56:26,17:58:32
2017-1-30,07:24:14,12:27:39,17:31:04,10:06:50,06:55:38,17:59:40
2017-1-31,07:23:20,12:27:48,17:32:16,10:08:56,06:54:49,18:00:48
2017-2-01,07:22:25,12:27:56,17:33:28,10:11:03,06:53:57,18:01:56
2017-2-02,07:21:27,12:28:04,17:34:40,10:13:13,06:53:04,18:03:04
2017-2-03,07:20:29,12:28:10,17:35:52,10:15:23,06:52:09,18:04:12
2017-2-04,07:19:28,12:28:16,17:37:04,10:17:36,06:51:13,18:05:20
2017-2-05,07:18:26,12:28:21,17:38:16,10:19:50,06:50:14,18:06:28
2017-2-06,07:17:23,12:28:25,17:39:28,10:22:05,06:49:15,18:07:36
2017-2-07,07:16:18,12:28:29,17:40:40,10:24:22,06:48:14,18:08:44
2017-2-08,07:15:11,12:28:31,17:41:51,10:26:40,06:47:11,18:09:52
2017-2-09,07:14:03,12:28:33,17:43:03,10:29:00,06:46:07,18:11:00
2017-2-10,07:12:54,12:28:34,17:44:14,10:31:20,06:45:01,18:12:08
2017-2-11,07:11:44,12:28:34,17:45:25,10:33:41,06:43:54,18:13:15
2017-2-12,07:10:32,12:28:34,17:46:36,10:36:04,06:42:45,18:14:23
2017-2-13,07:09:18,12:28:33,17:47:47,10:38:29,06:41:35,18:15:30
2017-2-14,07:08:04,12:28:31,17:48:58,10:40:54,06:40:24,18:16:37
2017-2-15,07:06:48,12:28:28,17:50:08,10:43:20,06:39:11,18:17:45
2017-2-16,07:05:31,12:28:25,17:51:18,10:45:47,06:37:58,18:18:51
2017-2-17,07:04:13,12:28:20,17:52:28,10:48:15,06:36:42,18:19:58
2017-2-18,07:02:54,12:28:16,17:53:37,10:50:43,06:35:26,18:21:05
2017-2-19,07:01:34,12:28:10,17:54:46,10:53:12,06:34:09,18:22:11
2017-2-20,07:00:12,12:28:04,17:55:55,10:55:43,06:32:50,18:23:17
2017-2-21,06:58:50,12:27:57,17:57:04,10:58:14,06:31:31,18:24:23
2017-2-22,06:57:27,12:27:49,17:58:12,11:00:45,06:30:10,18:25:29
2017-2-23,06:56:03,12:27:41,17:59:20,11:03:17,06:28:48,18:26:35
2017-2-24,06:54:37,12:27:33,18:00:28,11:05:51,06:27:25,18:27:40
2017-2-25,06:53:11,12:27:23,18:01:35,11:08:24,06:26:01,18:28:45
2017-2-26,06:51:45,12:27:13,18:02:42,11:10:57,06:24:37,18:29:50
2017-2-27,06:50:17,12:27:03,18:03:49,11:13:32,06:23:11,18:30:55
2017-2-28,06:48:49,12:26:52,18:04:55,11:16:06,06:21:44,18:32:00
2017-3-01,06:47:19,12:26:41,18:06:02,11:18:43,06:20:17,18:33:04
2017-3-02,06:45:50,12:26:29,18:07:07,11:21:17,06:18:49,18:34:08
2017-3-03,06:44:19,12:26:16,18:08:13,11:23:54,06:17:20,18:35:12
2017-3-04,06:42:48,12:26:03,18:09:18,11:26:30,06:15:50,18:36:16
2017-3-05,06:41:16,12:25:50,18:10:23,11:29:07,06:14:19,18:37:20
2017-3-06,06:39:44,12:25:36,18:11:28,11:31:44,06:12:48,18:38:24
2017-3-07,06:38:11,12:25:22,18:12:32,11:34:21,06:11:16,18:39:27
2017-3-08,06:36:38,12:25:07,18:13:37,11:36:59,06:09:44,18:40:30
2017-3-09,06:35:04,12:24:52,18:14:41,11:39:37,06:08:11,18:41:34
2017-3-10,06:33:30,12:24:37,18:15:44,11:42:14,06:06:37,18:42:37
2017-3-11,06:31:55,12:24:21,18:16:48,11:44:53,06:05:03,18:43:39
2017-3-12,06:30:20,12:24:05,18:17:51,11:47:31,06:03:28,18:44:42
2017-3-13,06:28:44,12:23:49,18:18:54,11:50:10,06:01:53,18:45:45
2017-3-14,06:27:09,12:23:33,18:19:56,11:52:47,06:00:17,18:46:48
2017-3-15,06:25:33,12:23:16,18:20:59,11:55:26,05:58:41,18:47:50
2017-3-16,06:23:56,12:22:59,18:22:01,11:58:05,05:57:05,18:48:53
2017-3-17,06:22:20,12:22:42,18:23:03,12:00:43,05:55:28,18:49:55
2017-3-18,06:20:43,12:22:24,18:24:05,12:03:22,05:53:51,18:50:57
2017-3-19,06:19:06,12:22:07,18:25:07,12:06:01,05:52:14,18:52:00
2017-3-20,06:17:29,12:21:49,18:26:09,12:08:40,05:50:36,18:53:02
2017-3-21,06:15:52,12:21:31,18:27:10,12:11:18,05:48:58,18:54:04
2017-3-22,06:14:15,12:21:13,18:28:12,12:13:57,05:47:20,18:55:07
2017-3-23,06:12:38,12:20:55,18:29:13,12:16:35,05:45:42,18:56:09
2017-3-24,06:11:00,12:20:37,18:30:14,12:19:14,05:44:03,18:57:11
2017-3-25,06:09:23,12:20:19,18:31:15,12:21:52,05:42:25,18:58:14
2017-3-26,06:07:46,12:20:01,18:32:16,12:24:30,05:40:46,18:59:16
2017-3-27,06:06:09,12:19:43,18:33:17,12:27:08,05:39:07,19:00:18
2017-3-28,06:04:32,12:19:25,18:34:17,12:29:45,05:37:29,19:01:21
2017-3-29,06:02:55,12:19:07,18:35:18,12:32:23,05:35:50,19:02:23
2017-3-30,06:01:19,12:18:49,18:36:19,12:35:00,05:34:11,19:03:26
2017-3-31,05:59:42,12:18:31,18:37:19,12:37:37,05:32:33,19:04:29
2017-4-01,05:58:06,12:18:13,18:38:20,12:40:14,05:30:54,19:05:32
2017-4-02,05:56:30,12:17:55,18:39:20,12:42:50,05:29:16,19:06:34
2017-4-03,05:54:54,12:17:38,18:40:21,12:45:27,05:27:38,19:07:37
2017-4-04,05:53:19,12:17:20,18:41:21,12:48:02,05:26:00,19:08:40
2017-4-05,05:51:44,12:17:03,18:42:22,12:50:38,05:24:22,19:09:44
2017-4-06,05:50:09,12:16:46,18:43:22,12:53:13,05:22:44,19:10:47
2017-4-07,05:48:35,12:16:29,18:44:23,12:55:48,05:21:07,19:11:51
2017-4-08,05:47:01,12:16:12,18:45:23,12:58:22,05:19:30,19:12:54
2017-4-09,05:45:28,12:15:56,18:46:24,13:00:56,05:17:54,19:13:58
2017-4-10,05:43:55,12:15:40,18:47:24,13:03:29,05:16:17,19:15:02
2017-4-11,05:42:23,12:15:24,18:48:25,13:06:02,05:14:42,19:16:06
2017-4-12,05:40:51,12:15:08,18:49:25,13:08:34,05:13:06,19:17:10
2017-4-13,05:39:20,12:14:53,18:50:26,13:11:06,05:11:32,19:18:14
2017-4-14,05:37:50,12:14:38,18:51:26,13:13:36,05:09:57,19:19:19
2017-4-15,05:36:20,12:14:23,18:52:27,13:16:07,05:08:23,19:20:23
2017-4-16,05:34:51,12:14:09,18:53:27,13:18:36,05:06:50,19:21:28
2017-4-17,05:33:22,12:13:55,18:54:28,13:21:06,05:05:18,19:22:33
2017-4-18,05:31:55,12:13:42,18:55:29,13:23:34,05:03:46,19:23:38
2017-4-19,05:30:28,12:13:29,18:56:29,13:26:01,05:02:15,19:24:43
2017-4-20,05:29:02,12:13:16,18:57:30,13:28:28,05:00:44,19:25:48
2017-4-21,05:27:37,12:13:04,18:58:31,13:30:54,04:59:14,19:26:53
2017-4-22,05:26:12,12:12:52,18:59:31,13:33:19,04:57:45,19:27:59
2017-4-23,05:24:49,12:12:41,19:00:32,13:35:43,04:56:17,19:29:04
2017-4-24,05:23:26,12:12:30,19:01:33,13:38:07,04:54:50,19:30:10
2017-4-25,05:22:05,12:12:19,19:02:34,13:40:29,04:53:23,19:31:15
2017-4-26,05:20:44,12:12:09,19:03:34,13:42:50,04:51:58,19:32:21
2017-4-27,05:19:25,12:12:00,19:04:35,13:45:10,04:50:33,19:33:27
2017-4-28,05:18:06,12:11:51,19:05:35,13:47:29,04:49:10,19:34:32
2017-4-29,05:16:49,12:11:43,19:06:36,13:49:47,04:47:47,19:35:38
2017-4-30,05:15:33,12:11:35,19:07:36,13:52:03,04:46:25,19:36:44
2017-5-01,05:14:18,12:11:27,19:08:37,13:54:19,04:45:05,19:37:50
2017-5-02,05:13:04,12:11:20,19:09:37,13:56:33,04:43:46,19:38:55
2017-5-03,05:11:52,12:11:14,19:10:37,13:58:45,04:42:28,19:40:01
2017-5-04,05:10:40,12:11:08,19:11:37,14:00:57,04:41:11,19:41:06
2017-5-05,05:09:30,12:11:03,19:12:37,14:03:07,04:39:55,19:42:12
2017-5-06,05:08:21,12:10:59,19:13:36,14:05:15,04:38:41,19:43:17
2017-5-07,05:07:14,12:10:55,19:14:35,14:07:21,04:37:28,19:44:22
2017-5-08,05:06:08,12:10:51,19:15:35,14:09:27,04:36:16,19:45:27
2017-5-09,05:05:03,12:10:48,19:16:33,14:11:30,04:35:05,19:46:31
2017-5-10,05:04:00,12:10:46,19:17:32,14:13:32,04:33:57,19:47:35
2017-5-11,05:02:58,12:10:44,19:18:30,14:15:32,04:32:49,19:48:39
2017-5-12,05:01:58,12:10:43,19:19:28,14:17:30,04:31:43,19:49:43
2017-5-13,05:00:59,12:10:42,19:20:26,14:19:27,04:30:39,19:50:46
2017-5-14,05:00:02,12:10:42,19:21:23,14:21:21,04:29:36,19:51:49
2017-5-15,04:59:06,12:10:43,19:22:19,14:23:13,04:28:34,19:52:52
2017-5-16,04:58:12,12:10:44,19:23:16,14:25:04,04:27:35,19:53:53
2017-5-17,04:57:20,12:10:46,19:24:11,14:26:51,04:26:37,19:54:55
2017-5-18,04:56:29,12:10:48,19:25:07,14:28:38,04:25:40,19:55:56
2017-5-19,04:55:40,12:10:51,19:26:01,14:30:21,04:24:46,19:56:56
2017-5-20,04:54:53,12:10:54,19:26:55,14:32:02,04:23:53,19:57:55
2017-5-21,04:54:07,12:10:58,19:27:48,14:33:41,04:23:02,19:58:54
2017-5-22,04:53:23,12:11:02,19:28:41,14:35:18,04:22:12,19:59:52
2017-5-23,04:52:41,12:11:07,19:29:33,14:36:52,04:21:25,20:00:49
2017-5-24,04:52:01,12:11:13,19:30:24,14:38:23,04:20:39,20:01:46
2017-5-25,04:51:22,12:11:18,19:31:15,14:39:53,04:19:56,20:02:41
2017-5-26,04:50:46,12:11:25,19:32:04,14:41:18,04:19:14,20:03:36
2017-5-27,04:50:11,12:11:32,19:32:53,14:42:42,04:18:34,20:04:29
2017-5-28,04:49:38,12:11:39,19:33:40,14:44:02,04:17:56,20:05:22
2017-5-29,04:49:07,12:11:47,19:34:27,14:45:20,04:17:20,20:06:13
2017-5-30,04:48:37,12:11:55,19:35:13,14:46:36,04:16:47,20:07:04
2017-5-31,04:48:10,12:12:04,19:35:58,14:47:48,04:16:15,20:07:53
2017-6-01,04:47:44,12:12:13,19:36:41,14:48:57,04:15:45,20:08:41
2017-6-02,04:47:21,12:12:22,19:37:24,14:50:03,04:15:17,20:09:27
2017-6-03,04:46:59,12:12:32,19:38:05,14:51:06,04:14:52,20:10:12
2017-6-04,04:46:40,12:12:42,19:38:45,14:52:05,04:14:28,20:10:56
2017-6-05,04:46:22,12:12:53,19:39:24,14:53:02,04:14:07,20:11:39
2017-6-06,04:46:06,12:13:04,19:40:01,14:53:55,04:13:48,20:12:20
2017-6-07,04:45:52,12:13:15,19:40:37,14:54:45,04:13:31,20:12:59
2017-6-08,04:45:40,12:13:26,19:41:12,14:55:32,04:13:16,20:13:37
2017-6-09,04:45:30,12:13:38,19:41:46,14:56:16,04:13:03,20:14:13
2017-6-10,04:45:22,12:13:50,19:42:17,14:56:55,04:12:52,20:14:47
2017-6-11,04:45:16,12:14:02,19:42:48,14:57:32,04:12:44,20:15:20
2017-6-12,04:45:12,12:14:14,19:43:17,14:58:05,04:12:37,20:15:51
2017-6-13,04:45:10,12:14:27,19:43:44,14:58:34,04:12:33,20:16:21
2017-6-14,04:45:09,12:14:40,19:44:10,14:59:01,04:12:31,20:16:48
2017-6-15,04:45:11,12:14:52,19:44:34,14:59:23,04:12:31,20:17:14
2017-6-16,04:45:14,12:15:05,19:44:56,14:59:42,04:12:33,20:17:37
2017-6-17,04:45:19,12:15:18,19:45:17,14:59:58,04:12:37,20:17:59
2017-6-18,04:45:26,12:15:31,19:45:36,15:00:10,04:12:44,20:18:19
2017-6-19,04:45:35,12:15:44,19:45:53,15:00:18,04:12:52,20:18:37
2017-6-20,04:45:46,12:15:57,19:46:09,15:00:23,04:13:02,20:18:53
2017-6-21,04:45:58,12:16:10,19:46:22,15:00:24,04:13:15,20:19:06
2017-6-22,04:46:13,12:16:23,19:46:34,15:00:21,04:13:29,20:19:18
2017-6-23,04:46:29,12:16:36,19:46:44,15:00:15,04:13:45,20:19:27
2017-6-24,04:46:46,12:16:49,19:46:52,15:00:06,04:14:04,20:19:35
2017-6-25,04:47:06,12:17:02,19:46:58,14:59:52,04:14:24,20:19:40
2017-6-26,04:47:27,12:17:15,19:47:03,14:59:36,04:14:46,20:19:43
2017-6-27,04:47:49,12:17:27,19:47:05,14:59:16,04:15:10,20:19:44
2017-6-28,04:48:14,12:17:40,19:47:06,14:58:52,04:15:36,20:19:43
2017-6-29,04:48:39,12:17:52,19:47:04,14:58:25,04:16:03,20:19:40
2017-6-30,04:49:07,12:18:04,19:47:01,14:57:54,04:16:33,20:19:35
2017-7-01,04:49:35,12:18:15,19:46:55,14:57:20,04:17:04,20:19:27
2017-7-02,04:50:06,12:18:27,19:46:48,14:56:42,04:17:36,20:19:17
2017-7-03,04:50:37,12:18:38,19:46:38,14:56:01,04:18:11,20:19:05
2017-7-04,04:51:10,12:18:49,19:46:27,14:55:17,04:18:46,20:18:51
2017-7-05,04:51:44,12:18:59,19:46:14,14:54:30,04:19:24,20:18:34
2017-7-06,04:52:20,12:19:09,19:45:58,14:53:38,04:20:03,20:18:16
2017-7-07,04:52:57,12:19:19,19:45:41,14:52:44,04:20:43,20:17:55
2017-7-08,04:53:35,12:19:28,19:45:22,14:51:47,04:21:25,20:17:32
2017-7-09,04:54:14,12:19:37,19:45:00,14:50:46,04:22:08,20:17:07
2017-7-10,04:54:54,12:19:46,19:44:37,14:49:43,04:22:52,20:16:40
2017-7-11,04:55:36,12:19:54,19:44:12,14:48:36,04:23:37,20:16:10
2017-7-12,04:56:18,12:20:02,19:43:45,14:47:27,04:24:24,20:15:39
2017-7-13,04:57:02,12:20:09,19:43:16,14:46:14,04:25:12,20:15:06
2017-7-14,04:57:46,12:20:16,19:42:45,14:44:59,04:26:01,20:14:30
2017-7-15,04:58:32,12:20:22,19:42:12,14:43:40,04:26:51,20:13:52
2017-7-16,04:59:18,12:20:27,19:41:37,14:42:19,04:27:42,20:13:13
2017-7-17,05:00:05,12:20:33,19:41:01,14:40:56,04:28:34,20:12:31
2017-7-18,05:00:53,12:20:37,19:40:22,14:39:29,04:29:27,20:11:48
2017-7-19,05:01:41,12:20:41,19:39:42,14:38:01,04:30:21,20:11:02
2017-7-20,05:02:31,12:20:45,19:38:59,14:36:28,04:31:15,20:10:15
2017-7-21,05:03:21,12:20:48,19:38:15,14:34:54,04:32:10,20:09:26
2017-7-22,05:04:11,12:20:50,19:37:30,14:33:19,04:33:06,20:08:35
2017-7-23,05:05:02,12:20:52,19:36:42,14:31:40,04:34:03,20:07:42
2017-7-24,05:05:54,12:20:54,19:35:53,14:29:59,04:35:00,20:06:47
2017-7-25,05:06:47,12:20:54,19:35:02,14:28:15,04:35:58,20:05:50
2017-7-26,05:07:39,12:20:54,19:34:09,14:26:30,04:36:57,20:04:52
2017-7-27,05:08:33,12:20:54,19:33:15,14:24:42,04:37:56,20:03:52
2017-7-28,05:09:26,12:20:53,19:32:19,14:22:53,04:38:55,20:02:51
2017-7-29,05:10:21,12:20:51,19:31:22,14:21:01,04:39:55,20:01:48
2017-7-30,05:11:15,12:20:49,19:30:22,14:19:07,04:40:55,20:00:43
2017-7-31,05:12:10,12:20:46,19:29:22,14:17:12,04:41:55,19:59:36
2017-8-01,05:13:05,12:20:42,19:28:20,14:15:15,04:42:56,19:58:29
2017-8-02,05:14:00,12:20:38,19:27:16,14:13:16,04:43:57,19:57:19
2017-8-03,05:14:56,12:20:33,19:26:11,14:11:15,04:44:58,19:56:08
2017-8-04,05:15:52,12:20:28,19:25:04,14:09:12,04:46:00,19:54:56
2017-8-05,05:16:48,12:20:22,19:23:56,14:07:08,04:47:02,19:53:43
2017-8-06,05:17:44,12:20:16,19:22:47,14:05:03,04:48:03,19:52:28
2017-8-07,05:18:40,12:20:08,19:21:36,14:02:56,04:49:05,19:51:11
2017-8-08,05:19:37,12:20:01,19:20:24,14:00:47,04:50:07,19:49:54
2017-8-09,05:20:34,12:19:52,19:19:11,13:58:37,04:51:10,19:48:35
2017-8-10,05:21:30,12:19:43,19:17:56,13:56:26,04:52:12,19:47:15
2017-8-11,05:22:27,12:19:34,19:16:41,13:54:14,04:53:14,19:45:54
2017-8-12,05:23:24,12:19:24,19:15:24,13:52:00,04:54:16,19:44:32
2017-8-13,05:24:21,12:19:13,19:14:06,13:49:45,04:55:18,19:43:08
2017-8-14,05:25:18,12:19:02,19:12:46,13:47:28,04:56:20,19:41:44
2017-8-15,05:26:15,12:18:50,19:11:26,13:45:11,04:57:22,19:40:19
2017-8-16,05:27:12,12:18:38,19:10:05,13:42:53,04:58:24,19:38:52
2017-8-17,05:28:09,12:18:26,19:08:42,13:40:33,04:59:26,19:37:25
2017-8-18,05:29:06,12:18:12,19:07:19,13:38:13,05:00:28,19:35:56
2017-8-19,05:30:03,12:17:59,19:05:55,13:35:52,05:01:30,19:34:27
2017-8-20,05:31:00,12:17:44,19:04:29,13:33:29,05:02:32,19:32:57
2017-8-21,05:31:56,12:17:30,19:03:03,13:31:07,05:03:33,19:31:26
2017-8-22,05:32:53,12:17:15,19:01:36,13:28:43,05:04:34,19:29:55
2017-8-23,05:33:50,12:16:59,19:00:08,13:26:18,05:05:36,19:28:22
2017-8-24,05:34:47,12:16:43,18:58:39,13:23:52,05:06:37,19:26:49
2017-8-25,05:35:43,12:16:26,18:57:10,13:21:27,05:07:38,19:25:15
2017-8-26,05:36:40,12:16:10,18:55:39,13:18:59,05:08:38,19:23:41
2017-8-27,05:37:36,12:15:52,18:54:08,13:16:32,05:09:39,19:22:06
2017-8-28,05:38:33,12:15:35,18:52:37,13:14:04,05:10:39,19:20:30
2017-8-29,05:39:29,12:15:17,18:51:04,13:11:35,05:11:39,19:18:54
2017-8-30,05:40:26,12:14:58,18:49:31,13:09:05,05:12:40,19:17:17
2017-8-31,05:41:22,12:14:40,18:47:58,13:06:36,05:13:40,19:15:40
2017-9-01,05:42:18,12:14:21,18:46:23,13:04:05,05:14:39,19:14:03
2017-9-02,05:43:15,12:14:02,18:44:49,13:01:34,05:15:39,19:12:24
2017-9-03,05:44:11,12:13:42,18:43:13,12:59:02,05:16:38,19:10:46
2017-9-04,05:45:07,12:13:22,18:41:38,12:56:31,05:17:38,19:09:07
2017-9-05,05:46:03,12:13:02,18:40:02,12:53:59,05:18:37,19:07:28
2017-9-06,05:46:59,12:12:42,18:38:25,12:51:26,05:19:36,19:05:48
2017-9-07,05:47:55,12:12:22,18:36:48,12:48:53,05:20:35,19:04:09
2017-9-08,05:48:51,12:12:01,18:35:11,12:46:20,05:21:33,19:02:29
2017-9-09,05:49:47,12:11:40,18:33:33,12:43:46,05:22:32,19:00:49
2017-9-10,05:50:43,12:11:19,18:31:55,12:41:12,05:23:30,18:59:08
2017-9-11,05:51:40,12:10:58,18:30:17,12:38:37,05:24:29,18:57:28
2017-9-12,05:52:36,12:10:37,18:28:38,12:36:02,05:25:27,18:55:47
2017-9-13,05:53:32,12:10:16,18:27:00,12:33:28,05:26:25,18:54:06
2017-9-14,05:54:28,12:09:54,18:25:21,12:30:53,05:27:23,18:52:26
2017-9-15,05:55:24,12:09:33,18:23:42,12:28:18,05:28:21,18:50:45
2017-9-16,05:56:21,12:09:12,18:22:03,12:25:42,05:29:19,18:49:04
2017-9-17,05:57:17,12:08:50,18:20:23,12:23:06,05:30:17,18:47:23
2017-9-18,05:58:13,12:08:29,18:18:44,12:20:31,05:31:15,18:45:43
2017-9-19,05:59:10,12:08:07,18:17:05,12:17:55,05:32:13,18:44:02
2017-9-20,06:00:07,12:07:46,18:15:25,12:15:18,05:33:10,18:42:22
2017-9-21,06:01:03,12:07:25,18:13:46,12:12:43,05:34:08,18:40:41
2017-9-22,06:02:00,12:07:03,18:12:07,12:10:07,05:35:06,18:39:01
2017-9-23,06:02:57,12:06:42,18:10:28,12:07:31,05:36:04,18:37:21
2017-9-24,06:03:54,12:06:21,18:08:49,12:04:55,05:37:01,18:35:42
2017-9-25,06:04:52,12:06:01,18:07:10,12:02:18,05:37:59,18:34:02
2017-9-26,06:05:49,12:05:40,18:05:31,11:59:42,05:38:57,18:32:23
2017-9-27,06:06:47,12:05:20,18:03:52,11:57:05,05:39:55,18:30:44
2017-9-28,06:07:45,12:04:59,18:02:14,11:54:29,05:40:53,18:29:06
2017-9-29,06:08:43,12:04:39,18:00:36,11:51:53,05:41:51,18:27:28
2017-9-30,06:09:41,12:04:20,17:58:58,11:49:17,05:42:49,18:25:50
2017-10-01,06:10:40,12:04:00,17:57:21,11:46:41,05:43:47,18:24:13
2017-10-02,06:11:38,12:03:41,17:55:44,11:44:06,05:44:46,18:22:36
2017-10-03,06:12:37,12:03:22,17:54:07,11:41:30,05:45:44,18:21:00
2017-10-04,06:13:37,12:03:04,17:52:31,11:38:54,05:46:43,18:19:24
2017-10-05,06:14:36,12:02:45,17:50:55,11:36:19,05:47:42,18:17:49
2017-10-06,06:15:36,12:02:28,17:49:19,11:33:43,05:48:40,18:16:15
2017-10-07,06:16:36,12:02:10,17:47:45,11:31:09,05:49:40,18:14:41
2017-10-08,06:17:36,12:01:53,17:46:10,11:28:34,05:50:39,18:13:08
2017-10-09,06:18:37,12:01:37,17:44:37,11:26:00,05:51:38,18:11:35
2017-10-10,06:19:38,12:01:21,17:43:03,11:23:25,05:52:38,18:10:04
2017-10-11,06:20:39,12:01:05,17:41:31,11:20:52,05:53:37,18:08:33
2017-10-12,06:21:41,12:00:50,17:39:59,11:18:18,05:54:37,18:07:02
2017-10-13,06:22:43,12:00:35,17:38:28,11:15:45,05:55:38,18:05:33
2017-10-14,06:23:45,12:00:21,17:36:58,11:13:13,05:56:38,18:04:04
2017-10-15,06:24:47,12:00:08,17:35:28,11:10:41,05:57:39,18:02:37
2017-10-16,06:25:50,11:59:55,17:33:59,11:08:09,05:58:39,18:01:10
2017-10-17,06:26:54,11:59:42,17:32:31,11:05:37,05:59:40,17:59:44
2017-10-18,06:27:57,11:59:30,17:31:04,11:03:07,06:00:42,17:58:19
2017-10-19,06:29:01,11:59:19,17:29:38,11:00:37,06:01:43,17:56:55
2017-10-20,06:30:05,11:59:09,17:28:12,10:58:07,06:02:45,17:55:33
2017-10-21,06:31:10,11:58:59,17:26:48,10:55:38,06:03:47,17:54:11
2017-10-22,06:32:14,11:58:50,17:25:25,10:53:11,06:04:49,17:52:50
2017-10-23,06:33:20,11:58:41,17:24:02,10:50:42,06:05:51,17:51:31
2017-10-24,06:34:25,11:58:33,17:22:41,10:48:16,06:06:54,17:50:12
2017-10-25,06:35:31,11:58:26,17:21:21,10:45:50,06:07:57,17:48:55
2017-10-26,06:36:37,11:58:20,17:20:02,10:43:25,06:09:00,17:47:39
2017-10-27,06:37:43,11:58:14,17:18:44,10:41:01,06:10:03,17:46:25
2017-10-28,06:38:50,11:58:09,17:17:28,10:38:38,06:11:07,17:45:11
2017-10-29,06:39:57,11:58:05,17:16:12,10:36:15,06:12:10,17:43:59
2017-10-30,06:41:04,11:58:01,17:14:58,10:33:54,06:13:14,17:42:48
2017-10-31,06:42:12,11:57:59,17:13:46,10:31:34,06:14:18,17:41:39
2017-11-01,06:43:19,11:57:57,17:12:34,10:29:15,06:15:22,17:40:31
2017-11-02,06:44:27,11:57:56,17:11:24,10:26:57,06:16:27,17:39:25
2017-11-03,06:45:35,11:57:56,17:10:16,10:24:41,06:17:31,17:38:20
2017-11-04,06:46:44,11:57:56,17:09:09,10:22:25,06:18:36,17:37:16
2017-11-05,06:47:52,11:57:58,17:08:03,10:20:11,06:19:40,17:36:15
2017-11-06,06:49:01,11:58:00,17:06:59,10:17:58,06:20:45,17:35:14
2017-11-07,06:50:09,11:58:03,17:05:56,10:15:47,06:21:50,17:34:15
2017-11-08,06:51:18,11:58:07,17:04:55,10:13:37,06:22:55,17:33:18
2017-11-09,06:52:27,11:58:11,17:03:56,10:11:29,06:24:00,17:32:23
2017-11-10,06:53:36,11:58:17,17:02:58,10:09:22,06:25:05,17:31:29
2017-11-11,06:54:45,11:58:24,17:02:02,10:07:17,06:26:10,17:30:37
2017-11-12,06:55:53,11:58:31,17:01:08,10:05:15,06:27:15,17:29:47
2017-11-13,06:57:02,11:58:39,17:00:16,10:03:14,06:28:19,17:28:59
2017-11-14,06:58:11,11:58:48,16:59:25,10:01:14,06:29:24,17:28:12
2017-11-15,06:59:19,11:58:58,16:58:36,09:59:17,06:30:29,17:27:27
2017-11-16,07:00:28,11:59:08,16:57:49,09:57:21,06:31:33,17:26:44
2017-11-17,07:01:36,11:59:20,16:57:04,09:55:28,06:32:37,17:26:03
2017-11-18,07:02:44,11:59:32,16:56:21,09:53:37,06:33:41,17:25:24
2017-11-19,07:03:51,11:59:46,16:55:40,09:51:49,06:34:45,17:24:47
2017-11-20,07:04:58,12:00:00,16:55:01,09:50:03,06:35:48,17:24:11
2017-11-21,07:06:05,12:00:14,16:54:23,09:48:18,06:36:51,17:23:38
2017-11-22,07:07:12,12:00:30,16:53:48,09:46:36,06:37:53,17:23:07
2017-11-23,07:08:18,12:00:46,16:53:15,09:44:57,06:38:55,17:22:37
2017-11-24,07:09:23,12:01:04,16:52:44,09:43:21,06:39:57,17:22:10
2017-11-25,07:10:28,12:01:22,16:52:15,09:41:47,06:40:58,17:21:45
2017-11-26,07:11:32,12:01:40,16:51:48,09:40:16,06:41:59,17:21:22
2017-11-27,07:12:35,12:02:00,16:51:24,09:38:49,06:42:59,17:21:00
2017-11-28,07:13:38,12:02:20,16:51:01,09:37:23,06:43:58,17:20:41
2017-11-29,07:14:40,12:02:41,16:50:41,09:36:01,06:44:57,17:20:25
2017-11-30,07:15:41,12:03:02,16:50:23,09:34:42,06:45:55,17:20:10
2017-12-01,07:16:42,12:03:24,16:50:07,09:33:25,06:46:52,17:19:57
2017-12-02,07:17:41,12:03:47,16:49:53,09:32:12,06:47:48,17:19:46
2017-12-03,07:18:39,12:04:11,16:49:42,09:31:03,06:48:43,17:19:38
2017-12-04,07:19:36,12:04:35,16:49:33,09:29:57,06:49:38,17:19:32
2017-12-05,07:20:33,12:04:59,16:49:26,09:28:53,06:50:31,17:19:27
2017-12-06,07:21:28,12:05:24,16:49:21,09:27:53,06:51:24,17:19:25
2017-12-07,07:22:21,12:05:50,16:49:19,09:26:58,06:52:15,17:19:25
2017-12-08,07:23:14,12:06:16,16:49:19,09:26:05,06:53:05,17:19:27
2017-12-09,07:24:05,12:06:43,16:49:21,09:25:16,06:53:54,17:19:32
2017-12-10,07:24:55,12:07:10,16:49:25,09:24:30,06:54:42,17:19:38
2017-12-11,07:25:43,12:07:37,16:49:32,09:23:49,06:55:28,17:19:47
2017-12-12,07:26:30,12:08:05,16:49:40,09:23:10,06:56:14,17:19:57
2017-12-13,07:27:15,12:08:33,16:49:52,09:22:37,06:56:57,17:20:10
2017-12-14,07:27:59,12:09:02,16:50:05,09:22:06,06:57:40,17:20:24
2017-12-15,07:28:41,12:09:31,16:50:20,09:21:39,06:58:21,17:20:41
2017-12-16,07:29:22,12:10:00,16:50:38,09:21:16,06:59:00,17:21:00
2017-12-17,07:30:01,12:10:29,16:50:58,09:20:57,06:59:38,17:21:20
2017-12-18,07:30:38,12:10:59,16:51:20,09:20:42,07:00:14,17:21:43
2017-12-19,07:31:13,12:11:28,16:51:44,09:20:31,07:00:49,17:22:07
2017-12-20,07:31:46,12:11:58,16:52:10,09:20:24,07:01:22,17:22:34
2017-12-21,07:32:17,12:12:28,16:52:38,09:20:21,07:01:53,17:23:02
2017-12-22,07:32:47,12:12:57,16:53:08,09:20:21,07:02:23,17:23:32
2017-12-23,07:33:15,12:13:27,16:53:40,09:20:25,07:02:51,17:24:04
2017-12-24,07:33:40,12:13:57,16:54:14,09:20:34,07:03:17,17:24:38
2017-12-25,07:34:04,12:14:27,16:54:50,09:20:46,07:03:41,17:25:13
2017-12-26,07:34:25,12:14:57,16:55:28,09:21:03,07:04:03,17:25:50
2017-12-27,07:34:45,12:15:26,16:56:08,09:21:23,07:04:23,17:26:29
2017-12-28,07:35:02,12:15:56,16:56:49,09:21:47,07:04:42,17:27:10
2017-12-29,07:35:17,12:16:25,16:57:33,09:22:16,07:04:58,17:27:51
2017-12-30,07:35:30,12:16:54,16:58:17,09:22:47,07:05:13,17:28:35
2017-12-31,07:35:41,12:17:22,16:59:04,09:23:23,07:05:25,17:29:20
2018-1-01,07:35:50,12:17:51,16:59:52,09:24:02,07:05:36,17:30:06
2018-1-02,07:35:56,12:18:19,17:00:42,09:24:46,07:05:44,17:30:54
2018-1-03,07:36:01,12:18:47,17:01:33,09:25:32,07:05:50,17:31:43
2018-1-04,07:36:03,12:19:14,17:02:26,09:26:23,07:05:55,17:32:34
2018-1-05,07:36:03,12:19:41,17:03:20,09:27:17,07:05:57,17:33:25
2018-1-06,07:36:00,12:20:08,17:04:15,09:28:15,07:05:57,17:34:18
2018-1-07,07:35:56,12:20:34,17:05:12,09:29:16,07:05:55,17:35:12
2018-1-08,07:35:49,12:20:59,17:06:10,09:30:21,07:05:52,17:36:07
2018-1-09,07:35:40,12:21:25,17:07:09,09:31:29,07:05:46,17:37:04
2018-1-10,07:35:29,12:21:49,17:08:09,09:32:40,07:05:37,17:38:01
2018-1-11,07:35:16,12:22:13,17:09:10,09:33:54,07:05:27,17:38:59
2018-1-12,07:35:00,12:22:36,17:10:13,09:35:13,07:05:15,17:39:58
2018-1-13,07:34:42,12:22:59,17:11:16,09:36:34,07:05:01,17:40:58
2018-1-14,07:34:23,12:23:21,17:12:20,09:37:57,07:04:44,17:41:58
2018-1-15,07:34:01,12:23:43,17:13:25,09:39:24,07:04:26,17:43:00
2018-1-16,07:33:36,12:24:04,17:14:31,09:40:55,07:04:05,17:44:02
2018-1-17,07:33:10,12:24:24,17:15:37,09:42:27,07:03:42,17:45:05
2018-1-18,07:32:42,12:24:43,17:16:44,09:44:02,07:03:18,17:46:08
2018-1-19,07:32:11,12:25:02,17:17:52,09:45:41,07:02:51,17:47:12
2018-1-20,07:31:39,12:25:20,17:19:01,09:47:22,07:02:23,17:48:17
2018-1-21,07:31:04,12:25:37,17:20:10,09:49:06,07:01:52,17:49:22
2018-1-22,07:30:28,12:25:53,17:21:19,09:50:51,07:01:19,17:50:27
2018-1-23,07:29:49,12:26:09,17:22:29,09:52:40,07:00:45,17:51:33
2018-1-24,07:29:09,12:26:24,17:23:39,09:54:30,07:00:08,17:52:40
2018-1-25,07:28:26,12:26:38,17:24:50,09:56:24,06:59:30,17:53:46
2018-1-26,07:27:42,12:26:51,17:26:01,09:58:19,06:58:50,17:54:53
2018-1-27,07:26:56,12:27:04,17:27:12,10:00:16,06:58:07,17:56:00
2018-1-28,07:26:08,12:27:16,17:28:23,10:02:15,06:57:23,17:57:08
2018-1-29,07:25:18,12:27:26,17:29:35,10:04:17,06:56:38,17:58:15
2018-1-30,07:24:26,12:27:37,17:30:47,10:06:21,06:55:50,17:59:23
2018-1-31,07:23:33,12:27:46,17:31:59,10:08:26,06:55:01,18:00:31
2018-2-01,07:22:38,12:27:54,17:33:11,10:10:33,06:54:10,18:01:39
2018-2-02,07:21:41,12:28:02,17:34:23,10:12:42,06:53:17,18:02:47
2018-2-03,07:20:43,12:28:09,17:35:35,10:14:52,06:52:22,18:03:55
2018-2-04,07:19:43,12:28:15,17:36:47,10:17:04,06:51:26,18:05:03
2018-2-05,07:18:41,12:28:20,17:37:59,10:19:18,06:50:29,18:06:11
2018-2-06,07:17:38,12:28:24,17:39:10,10:21:32,06:49:29,18:07:19
2018-2-07,07:16:34,12:28:28,17:40:22,10:23:48,06:48:28,18:08:27
2018-2-08,07:15:27,12:28:31,17:41:34,10:26:07,06:47:26,18:09:35
2018-2-09,07:14:20,12:28:33,17:42:45,10:28:25,06:46:22,18:10:43
2018-2-10,07:13:11,12:28:34,17:43:57,10:30:46,06:45:17,18:11:51
2018-2-11,07:12:01,12:28:34,17:45:08,10:33:07,06:44:10,18:12:59
2018-2-12,07:10:49,12:28:34,17:46:19,10:35:30,06:43:02,18:14:06
2018-2-13,07:09:36,12:28:33,17:47:30,10:37:54,06:41:52,18:15:14
2018-2-14,07:08:22,12:28:31,17:48:40,10:40:18,06:40:41,18:16:21
2018-2-15,07:07:06,12:28:29,17:49:51,10:42:45,06:39:29,18:17:28
2018-2-16,07:05:50,12:28:25,17:51:01,10:45:11,06:38:15,18:18:35
2018-2-17,07:04:32,12:28:21,17:52:11,10:47:39,06:37:01,18:19:42
2018-2-18,07:03:13,12:28:17,17:53:20,10:50:07,06:35:45,18:20:49
2018-2-19,07:01:53,12:28:11,17:54:29,10:52:36,06:34:28,18:21:55
2018-2-20,07:00:32,12:28:05,17:55:38,10:55:06,06:33:09,18:23:01
2018-2-21,06:59:10,12:27:59,17:56:47,10:57:37,06:31:50,18:24:07
2018-2-22,06:57:47,12:27:51,17:57:55,11:00:08,06:30:29,18:25:13
2018-2-23,06:56:23,12:27:43,17:59:04,11:02:41,06:29:08,18:26:19
2018-2-24,06:54:58,12:27:35,18:00:11,11:05:13,06:27:45,18:27:24
2018-2-25,06:53:32,12:27:26,18:01:19,11:07:47,06:26:22,18:28:29
2018-2-26,06:52:06,12:27:16,18:02:26,11:10:20,06:24:57,18:29:34
2018-2-27,06:50:38,12:27:05,18:03:33,11:12:55,06:23:32,18:30:39
2018-2-28,06:49:10,12:26:55,18:04:39,11:15:29,06:22:05,18:31:44
2018-3-01,06:47:41,12:26:43,18:05:46,11:18:05,06:20:38,18:32:48
2018-3-02,06:46:11,12:26:31,18:06:51,11:20:40,06:19:10,18:33:53
2018-3-03,06:44:41,12:26:19,18:07:57,11:23:16,06:17:41,18:34:57
2018-3-04,06:43:10,12:26:06,18:09:02,11:25:52,06:16:12,18:36:01
2018-3-05,06:41:38,12:25:53,18:10:07,11:28:29,06:14:41,18:37:05
2018-3-06,06:40:06,12:25:39,18:11:12,11:31:06,06:13:10,18:38:08
2018-3-07,06:38:34,12:25:25,18:12:17,11:33:43,06:11:39,18:39:12
2018-3-08,06:37:00,12:25:11,18:13:21,11:36:21,06:10:06,18:40:15
2018-3-09,06:35:27,12:24:56,18:14:25,11:38:58,06:08:33,18:41:18
2018-3-10,06:33:52,12:24:41,18:15:29,11:41:37,06:07:00,18:42:21
2018-3-11,06:32:18,12:24:25,18:16:32,11:44:14,06:05:26,18:43:24
2018-3-12,06:30:43,12:24:09,18:17:35,11:46:52,06:03:51,18:44:27
2018-3-13,06:29:07,12:23:53,18:18:38,11:49:31,06:02:16,18:45:30
2018-3-14,06:27:32,12:23:36,18:19:41,11:52:09,06:00:41,18:46:32
2018-3-15,06:25:56,12:23:20,18:20:44,11:54:48,05:59:05,18:47:35
2018-3-16,06:24:20,12:23:03,18:21:46,11:57:26,05:57:28,18:48:37
2018-3-17,06:22:43,12:22:46,18:22:48,12:00:05,05:55:52,18:49:40
2018-3-18,06:21:06,12:22:28,18:23:50,12:02:44,05:54:15,18:50:42
2018-3-19,06:19:30,12:22:11,18:24:52,12:05:22,05:52:37,18:51:45
2018-3-20,06:17:53,12:21:53,18:25:54,12:08:01,05:51:00,18:52:47
2018-3-21,06:16:16,12:21:35,18:26:55,12:10:39,05:49:22,18:53:49
2018-3-22,06:14:38,12:21:18,18:27:57,12:13:19,05:47:44,18:54:51
2018-3-23,06:13:01,12:21:00,18:28:58,12:15:57,05:46:05,18:55:54
2018-3-24,06:11:24,12:20:42,18:29:59,12:18:35,05:44:27,18:56:56
2018-3-25,06:09:47,12:20:23,18:31:00,12:21:13,05:42:48,18:57:58
2018-3-26,06:08:10,12:20:05,18:32:01,12:23:51,05:41:10,18:59:01
2018-3-27,06:06:32,12:19:47,18:33:02,12:26:30,05:39:31,19:00:03
2018-3-28,06:04:55,12:19:29,18:34:03,12:29:08,05:37:52,19:01:06
2018-3-29,06:03:19,12:19:11,18:35:03,12:31:44,05:36:14,19:02:08
2018-3-30,06:01:42,12:18:53,18:36:04,12:34:22,05:34:35,19:03:11
2018-3-31,06:00:05,12:18:35,18:37:05,12:37:00,05:32:57,19:04:14
2018-4-01,05:58:29,12:18:17,18:38:05,12:39:36,05:31:18,19:05:16
2018-4-02,05:56:53,12:17:59,18:39:06,12:42:13,05:29:40,19:06:19
2018-4-03,05:55:17,12:17:42,18:40:06,12:44:49,05:28:01,19:07:22
2018-4-04,05:53:42,12:17:24,18:41:07,12:47:25,05:26:23,19:08:25
2018-4-05,05:52:07,12:17:07,18:42:07,12:50:00,05:24:46,19:09:28
2018-4-06,05:50:32,12:16:50,18:43:08,12:52:36,05:23:08,19:10:32
2018-4-07,05:48:58,12:16:33,18:44:08,12:55:10,05:21:31,19:11:35
2018-4-08,05:47:24,12:16:16,18:45:08,12:57:44,05:19:54,19:12:39
2018-4-09,05:45:50,12:16:00,18:46:09,13:00:19,05:18:17,19:13:42
2018-4-10,05:44:18,12:15:43,18:47:09,13:02:51,05:16:41,19:14:46
2018-4-11,05:42:45,12:15:28,18:48:10,13:05:25,05:15:05,19:15:50
2018-4-12,05:41:13,12:15:12,18:49:10,13:07:57,05:13:29,19:16:54
2018-4-13,05:39:42,12:14:57,18:50:11,13:10:29,05:11:55,19:17:59
2018-4-14,05:38:12,12:14:42,18:51:11,13:12:59,05:10:20,19:19:03
2018-4-15,05:36:42,12:14:27,18:52:12,13:15:30,05:08:46,19:20:07
2018-4-16,05:35:12,12:14:12,18:53:13,13:18:01,05:07:13,19:21:12
2018-4-17,05:33:44,12:13:59,18:54:13,13:20:29,05:05:40,19:22:17
2018-4-18,05:32:16,12:13:45,18:55:14,13:22:58,05:04:08,19:23:22
2018-4-19,05:30:49,12:13:32,18:56:15,13:25:26,05:02:37,19:24:27
2018-4-20,05:29:23,12:13:19,18:57:15,13:27:52,05:01:06,19:25:32
2018-4-21,05:27:57,12:13:07,18:58:16,13:30:19,04:59:36,19:26:37
2018-4-22,05:26:33,12:12:55,18:59:17,13:32:44,04:58:07,19:27:43
2018-4-23,05:25:09,12:12:43,19:00:18,13:35:09,04:56:38,19:28:48
2018-4-24,05:23:46,12:12:32,19:01:18,13:37:32,04:55:11,19:29:54
2018-4-25,05:22:25,12:12:22,19:02:19,13:39:54,04:53:44,19:30:59
2018-4-26,05:21:04,12:12:12,19:03:20,13:42:16,04:52:18,19:32:05
2018-4-27,05:19:44,12:12:02,19:04:20,13:44:36,04:50:54,19:33:11
2018-4-28,05:18:25,12:11:53,19:05:21,13:46:56,04:49:30,19:34:16
2018-4-29,05:17:08,12:11:45,19:06:21,13:49:13,04:48:07,19:35:22
2018-4-30,05:15:51,12:11:37,19:07:22,13:51:31,04:46:45,19:36:28
2018-5-01,05:14:36,12:11:29,19:08:22,13:53:46,04:45:24,19:37:34
2018-5-02,05:13:22,12:11:22,19:09:22,13:56:00,04:44:05,19:38:39
2018-5-03,05:12:09,12:11:16,19:10:22,13:58:13,04:42:47,19:39:45
2018-5-04,05:10:57,12:11:10,19:11:22,14:00:25,04:41:29,19:40:50
2018-5-05,05:09:47,12:11:05,19:12:22,14:02:35,04:40:13,19:41:56
2018-5-06,05:08:38,12:11:00,19:13:22,14:04:44,04:38:59,19:43:01
2018-5-07,05:07:30,12:10:56,19:14:21,14:06:51,04:37:45,19:44:06
2018-5-08,05:06:24,12:10:52,19:15:20,14:08:56,04:36:33,19:45:11
2018-5-09,05:05:19,12:10:49,19:16:19,14:11:00,04:35:22,19:46:16
2018-5-10,05:04:15,12:10:47,19:17:18,14:13:03,04:34:13,19:47:20
2018-5-11,05:03:13,12:10:45,19:18:16,14:15:03,04:33:05,19:48:24
2018-5-12,05:02:13,12:10:43,19:19:14,14:17:01,04:31:59,19:49:28
2018-5-13,05:01:13,12:10:43,19:20:12,14:18:59,04:30:54,19:50:31
2018-5-14,05:00:16,12:10:42,19:21:09,14:20:53,04:29:51,19:51:34
2018-5-15,04:59:20,12:10:43,19:22:06,14:22:46,04:28:49,19:52:37
2018-5-16,04:58:25,12:10:44,19:23:02,14:24:37,04:27:49,19:53:39
2018-5-17,04:57:33,12:10:45,19:23:58,14:26:25,04:26:51,19:54:40
2018-5-18,04:56:42,12:10:47,19:24:53,14:28:11,04:25:54,19:55:41
2018-5-19,04:55:52,12:10:50,19:25:48,14:29:56,04:24:59,19:56:41
2018-5-20,04:55:04,12:10:53,19:26:42,14:31:38,04:24:05,19:57:41
2018-5-21,04:54:18,12:10:57,19:27:36,14:33:18,04:23:14,19:58:40
2018-5-22,04:53:34,12:11:01,19:28:28,14:34:54,04:22:24,19:59:38
2018-5-23,04:52:51,12:11:06,19:29:21,14:36:30,04:21:36,20:00:36
2018-5-24,04:52:11,12:11:11,19:30:12,14:38:01,04:20:50,20:01:32
2018-5-25,04:51:32,12:11:17,19:31:03,14:39:31,04:20:06,20:02:28
2018-5-26,04:50:54,12:11:23,19:31:52,14:40:58,04:19:24,20:03:23
2018-5-27,04:50:19,12:11:30,19:32:41,14:42:22,04:18:44,20:04:17
2018-5-28,04:49:46,12:11:37,19:33:29,14:43:43,04:18:05,20:05:09
2018-5-29,04:49:14,12:11:45,19:34:16,14:45:02,04:17:29,20:06:01
2018-5-30,04:48:44,12:11:53,19:35:02,14:46:18,04:16:55,20:06:52
2018-5-31,04:48:17,12:12:02,19:35:47,14:47:30,04:16:22,20:07:41
2018-6-01,04:47:51,12:12:11,19:36:31,14:48:40,04:15:52,20:08:29
2018-6-02,04:47:27,12:12:20,19:37:14,14:49:47,04:15:24,20:09:16
2018-6-03,04:47:05,12:12:30,19:37:55,14:50:50,04:14:58,20:10:02
2018-6-04,04:46:44,12:12:40,19:38:35,14:51:51,04:14:34,20:10:46
2018-6-05,04:46:26,12:12:50,19:39:15,14:52:49,04:14:12,20:11:29
2018-6-06,04:46:10,12:13:01,19:39:52,14:53:42,04:13:52,20:12:10
2018-6-07,04:45:56,12:13:12,19:40:29,14:54:33,04:13:35,20:12:50
2018-6-08,04:45:43,12:13:24,19:41:04,14:55:21,04:13:19,20:13:28
2018-6-09,04:45:33,12:13:35,19:41:38,14:56:05,04:13:06,20:14:04
2018-6-10,04:45:24,12:13:47,19:42:10,14:56:46,04:12:55,20:14:39
2018-6-11,04:45:18,12:13:59,19:42:41,14:57:23,04:12:46,20:15:13
2018-6-12,04:45:13,12:14:11,19:43:10,14:57:57,04:12:39,20:15:44
2018-6-13,04:45:10,12:14:24,19:43:38,14:58:28,04:12:34,20:16:14
2018-6-14,04:45:09,12:14:37,19:44:04,14:58:55,04:12:31,20:16:42
2018-6-15,04:45:10,12:14:49,19:44:28,14:59:18,04:12:31,20:17:08
2018-6-16,04:45:13,12:15:02,19:44:51,14:59:38,04:12:33,20:17:32
2018-6-17,04:45:18,12:15:15,19:45:12,14:59:54,04:12:36,20:17:54
2018-6-18,04:45:25,12:15:28,19:45:32,15:00:07,04:12:42,20:18:14
2018-6-19,04:45:33,12:15:41,19:45:49,15:00:16,04:12:50,20:18:33
2018-6-20,04:45:43,12:15:54,19:46:05,15:00:22,04:13:00,20:18:49
2018-6-21,04:45:55,12:16:07,19:46:19,15:00:24,04:13:12,20:19:03
2018-6-22,04:46:09,12:16:20,19:46:32,15:00:23,04:13:26,20:19:15
2018-6-23,04:46:25,12:16:33,19:46:42,15:00:17,04:13:41,20:19:25
2018-6-24,04:46:42,12:16:46,19:46:51,15:00:09,04:13:59,20:19:33
2018-6-25,04:47:01,12:16:59,19:46:57,14:59:56,04:14:19,20:19:39
2018-6-26,04:47:22,12:17:12,19:47:02,14:59:40,04:14:41,20:19:43
2018-6-27,04:47:44,12:17:24,19:47:05,14:59:21,04:15:04,20:19:45
2018-6-28,04:48:08,12:17:37,19:47:06,14:58:58,04:15:30,20:19:44
2018-6-29,04:48:33,12:17:49,19:47:05,14:58:32,04:15:57,20:19:41
2018-6-30,04:49:00,12:18:01,19:47:02,14:58:02,04:16:26,20:19:36
2018-7-01,04:49:28,12:18:13,19:46:57,14:57:29,04:16:56,20:19:29
2018-7-02,04:49:58,12:18:24,19:46:50,14:56:52,04:17:28,20:19:20
2018-7-03,04:50:30,12:18:35,19:46:41,14:56:11,04:18:02,20:19:08
2018-7-04,04:51:02,12:18:46,19:46:30,14:55:28,04:18:38,20:18:54
2018-7-05,04:51:36,12:18:57,19:46:17,14:54:41,04:19:15,20:18:39
2018-7-06,04:52:12,12:19:07,19:46:02,14:53:50,04:19:53,20:18:20
2018-7-07,04:52:48,12:19:17,19:45:45,14:52:57,04:20:33,20:18:00
2018-7-08,04:53:26,12:19:26,19:45:27,14:52:01,04:21:15,20:17:38
2018-7-09,04:54:05,12:19:35,19:45:06,14:51:01,04:21:57,20:17:13
2018-7-10,04:54:45,12:19:44,19:44:43,14:49:58,04:22:41,20:16:47
2018-7-11,04:55:26,12:19:52,19:44:18,14:48:52,04:23:27,20:16:18
2018-7-12,04:56:08,12:20:00,19:43:52,14:47:44,04:24:13,20:15:47
2018-7-13,04:56:51,12:20:07,19:43:23,14:46:32,04:25:01,20:15:14
2018-7-14,04:57:36,12:20:14,19:42:53,14:45:17,04:25:49,20:14:39
2018-7-15,04:58:21,12:20:20,19:42:20,14:43:59,04:26:39,20:14:02
2018-7-16,04:59:07,12:20:26,19:41:46,14:42:39,04:27:30,20:13:23
2018-7-17,04:59:54,12:20:32,19:41:10,14:41:16,04:28:22,20:12:42
2018-7-18,05:00:41,12:20:36,19:40:32,14:39:51,04:29:14,20:11:59
2018-7-19,05:01:30,12:20:41,19:39:52,14:38:22,04:30:08,20:11:14
2018-7-20,05:02:19,12:20:44,19:39:10,14:36:51,04:31:02,20:10:27
2018-7-21,05:03:09,12:20:48,19:38:26,14:35:17,04:31:57,20:09:38
2018-7-22,05:03:59,12:20:50,19:37:41,14:33:42,04:32:53,20:08:47
2018-7-23,05:04:50,12:20:52,19:36:54,14:32:04,04:33:50,20:07:55
2018-7-24,05:05:42,12:20:53,19:36:05,14:30:23,04:34:47,20:07:00
2018-7-25,05:06:34,12:20:54,19:35:15,14:28:41,04:35:44,20:06:04
2018-7-26,05:07:27,12:20:55,19:34:22,14:26:55,04:36:43,20:05:06
2018-7-27,05:08:20,12:20:54,19:33:28,14:25:08,04:37:41,20:04:07
2018-7-28,05:09:14,12:20:53,19:32:33,14:23:19,04:38:41,20:03:06
2018-7-29,05:10:08,12:20:52,19:31:36,14:21:28,04:39:40,20:02:03
2018-7-30,05:11:02,12:20:50,19:30:37,14:19:35,04:40:40,20:00:59
2018-7-31,05:11:57,12:20:47,19:29:37,14:17:40,04:41:41,19:59:53
2018-8-01,05:12:52,12:20:43,19:28:35,14:15:43,04:42:41,19:58:45
2018-8-02,05:13:47,12:20:39,19:27:32,14:13:45,04:43:42,19:57:36
2018-8-03,05:14:43,12:20:35,19:26:27,14:11:44,04:44:44,19:56:26
2018-8-04,05:15:38,12:20:30,19:25:21,14:09:43,04:45:45,19:55:14
2018-8-05,05:16:34,12:20:24,19:24:13,14:07:39,04:46:47,19:54:01
2018-8-06,05:17:31,12:20:17,19:23:04,14:05:33,04:47:49,19:52:46
2018-8-07,05:18:27,12:20:10,19:21:54,14:03:27,04:48:51,19:51:30
2018-8-08,05:19:23,12:20:03,19:20:42,14:01:19,04:49:53,19:50:13
2018-8-09,05:20:20,12:19:55,19:19:29,13:59:09,04:50:55,19:48:54
2018-8-10,05:21:17,12:19:46,19:18:15,13:56:58,04:51:57,19:47:35
2018-8-11,05:22:14,12:19:36,19:16:59,13:54:45,04:52:59,19:46:14
2018-8-12,05:23:10,12:19:27,19:15:43,13:52:33,04:54:01,19:44:52
2018-8-13,05:24:07,12:19:16,19:14:25,13:50:18,04:55:03,19:43:29
2018-8-14,05:25:04,12:19:05,19:13:06,13:48:02,04:56:05,19:42:05
2018-8-15,05:26:01,12:18:53,19:11:46,13:45:45,04:57:08,19:40:39
2018-8-16,05:26:58,12:18:41,19:10:25,13:43:27,04:58:10,19:39:13
2018-8-17,05:27:55,12:18:29,19:09:02,13:41:07,04:59:12,19:37:46
2018-8-18,05:28:52,12:18:16,19:07:39,13:38:47,05:00:13,19:36:18
2018-8-19,05:29:49,12:18:02,19:06:15,13:36:26,05:01:15,19:34:49
2018-8-20,05:30:46,12:17:48,19:04:50,13:34:04,05:02:17,19:33:19
2018-8-21,05:31:43,12:17:33,19:03:24,13:31:41,05:03:18,19:31:48
2018-8-22,05:32:40,12:17:18,19:01:57,13:29:17,05:04:20,19:30:17
2018-8-23,05:33:36,12:17:03,19:00:29,13:26:53,05:05:21,19:28:45
2018-8-24,05:34:33,12:16:47,18:59:01,13:24:28,05:06:22,19:27:12
2018-8-25,05:35:30,12:16:31,18:57:31,13:22:01,05:07:23,19:25:38
2018-8-26,05:36:26,12:16:14,18:56:01,13:19:35,05:08:24,19:24:04
2018-8-27,05:37:23,12:15:57,18:54:30,13:17:07,05:09:24,19:22:29
2018-8-28,05:38:19,12:15:39,18:52:59,13:14:40,05:10:25,19:20:54
2018-8-29,05:39:16,12:15:21,18:51:27,13:12:11,05:11:25,19:19:17
2018-8-30,05:40:12,12:15:03,18:49:54,13:09:42,05:12:25,19:17:41
2018-8-31,05:41:09,12:14:44,18:48:20,13:07:11,05:13:25,19:16:04
2018-9-01,05:42:05,12:14:26,18:46:46,13:04:41,05:14:25,19:14:26
2018-9-02,05:43:01,12:14:06,18:45:12,13:02:11,05:15:25,19:12:48
2018-9-03,05:43:57,12:13:47,18:43:37,12:59:40,05:16:24,19:11:10
2018-9-04,05:44:53,12:13:27,18:42:01,12:57:08,05:17:23,19:09:31
2018-9-05,05:45:50,12:13:07,18:40:25,12:54:35,05:18:22,19:07:52
2018-9-06,05:46:46,12:12:47,18:38:48,12:52:02,05:19:22,19:06:13
2018-9-07,05:47:42,12:12:27,18:37:12,12:49:30,05:20:20,19:04:33
2018-9-08,05:48:38,12:12:06,18:35:34,12:46:56,05:21:19,19:02:53
2018-9-09,05:49:34,12:11:45,18:33:57,12:44:23,05:22:18,19:01:13
2018-9-10,05:50:30,12:11:24,18:32:19,12:41:49,05:23:16,18:59:33
2018-9-11,05:51:26,12:11:03,18:30:41,12:39:15,05:24:15,18:57:52
2018-9-12,05:52:22,12:10:42,18:29:02,12:36:40,05:25:13,18:56:12
2018-9-13,05:53:18,12:10:21,18:27:24,12:34:06,05:26:11,18:54:31
2018-9-14,05:54:14,12:10:00,18:25:45,12:31:31,05:27:09,18:52:50
2018-9-15,05:55:11,12:09:38,18:24:06,12:28:55,05:28:07,18:51:09
2018-9-16,05:56:07,12:09:17,18:22:27,12:26:20,05:29:05,18:49:29
2018-9-17,05:57:03,12:08:55,18:20:47,12:23:44,05:30:03,18:47:48
2018-9-18,05:58:00,12:08:34,18:19:08,12:21:08,05:31:01,18:46:07
2018-9-19,05:58:56,12:08:13,18:17:29,12:18:33,05:31:59,18:44:26
2018-9-20,05:59:53,12:07:51,18:15:49,12:15:56,05:32:56,18:42:46
2018-9-21,06:00:50,12:07:30,18:14:10,12:13:20,05:33:54,18:41:06
2018-9-22,06:01:46,12:07:09,18:12:31,12:10:45,05:34:52,18:39:25
2018-9-23,06:02:43,12:06:48,18:10:52,12:08:09,05:35:50,18:37:45
2018-9-24,06:03:41,12:06:27,18:09:13,12:05:32,05:36:47,18:36:06
2018-9-25,06:04:38,12:06:06,18:07:34,12:02:56,05:37:45,18:34:26
2018-9-26,06:05:35,12:05:45,18:05:55,12:00:20,05:38:43,18:32:47
2018-9-27,06:06:33,12:05:25,18:04:16,11:57:43,05:39:41,18:31:08
2018-9-28,06:07:31,12:05:04,18:02:38,11:55:07,05:40:39,18:29:30
2018-9-29,06:08:29,12:04:44,18:01:00,11:52:31,05:41:37,18:27:51
2018-9-30,06:09:27,12:04:24,17:59:22,11:49:55,05:42:35,18:26:14
2018-10-01,06:10:25,12:04:05,17:57:44,11:47:19,05:43:33,18:24:36
2018-10-02,06:11:24,12:03:46,17:56:07,11:44:43,05:44:32,18:23:00
2018-10-03,06:12:23,12:03:27,17:54:30,11:42:07,05:45:30,18:21:23
2018-10-04,06:13:22,12:03:08,17:52:54,11:39:32,05:46:29,18:19:48
2018-10-05,06:14:22,12:02:50,17:51:18,11:36:56,05:47:27,18:18:12
2018-10-06,06:15:21,12:02:32,17:49:43,11:34:22,05:48:26,18:16:38
2018-10-07,06:16:21,12:02:14,17:48:08,11:31:47,05:49:25,18:15:04
2018-10-08,06:17:22,12:01:57,17:46:33,11:29:11,05:50:24,18:13:30
2018-10-09,06:18:22,12:01:41,17:44:59,11:26:37,05:51:24,18:11:58
2018-10-10,06:19:23,12:01:25,17:43:26,11:24:03,05:52:23,18:10:26
2018-10-11,06:20:24,12:01:09,17:41:53,11:21:29,05:53:23,18:08:55
2018-10-12,06:21:26,12:00:54,17:40:21,11:18:55,05:54:23,18:07:24
2018-10-13,06:22:28,12:00:39,17:38:50,11:16:22,05:55:23,18:05:55
2018-10-14,06:23:30,12:00:25,17:37:19,11:13:49,05:56:23,18:04:26
2018-10-15,06:24:32,12:00:11,17:35:50,11:11:18,05:57:24,18:02:58
2018-10-16,06:25:35,11:59:58,17:34:21,11:08:46,05:58:25,18:01:31
2018-10-17,06:26:38,11:59:45,17:32:52,11:06:14,05:59:26,18:00:05
2018-10-18,06:27:42,11:59:33,17:31:25,11:03:43,06:00:27,17:58:40
2018-10-19,06:28:45,11:59:22,17:29:59,11:01:14,06:01:28,17:57:16
2018-10-20,06:29:49,11:59:11,17:28:33,10:58:44,06:02:30,17:55:53
2018-10-21,06:30:54,11:59:01,17:27:08,10:56:14,06:03:32,17:54:31
2018-10-22,06:31:59,11:58:52,17:25:45,10:53:46,06:04:34,17:53:10
2018-10-23,06:33:04,11:58:43,17:24:22,10:51:18,06:05:36,17:51:50
2018-10-24,06:34:09,11:58:35,17:23:01,10:48:52,06:06:39,17:50:31
2018-10-25,06:35:15,11:58:28,17:21:40,10:46:25,06:07:42,17:49:14
2018-10-26,06:36:21,11:58:21,17:20:21,10:44:00,06:08:45,17:47:58
2018-10-27,06:37:27,11:58:15,17:19:03,10:41:36,06:09:48,17:46:43
2018-10-28,06:38:34,11:58:10,17:17:46,10:39:12,06:10:51,17:45:29
2018-10-29,06:39:41,11:58:06,17:16:31,10:36:50,06:11:55,17:44:16
2018-10-30,06:40:48,11:58:02,17:15:16,10:34:28,06:12:59,17:43:05
2018-10-31,06:41:55,11:57:59,17:14:03,10:32:08,06:14:03,17:41:56
2018-11-01,06:43:03,11:57:57,17:12:51,10:29:48,06:15:07,17:40:48
2018-11-02,06:44:11,11:57:56,17:11:41,10:27:30,06:16:11,17:39:41
2018-11-03,06:45:19,11:57:55,17:10:32,10:25:13,06:17:15,17:38:35
2018-11-04,06:46:27,11:57:56,17:09:25,10:22:58,06:18:20,17:37:32
2018-11-05,06:47:35,11:57:57,17:08:19,10:20:44,06:19:25,17:36:29
2018-11-06,06:48:44,11:57:59,17:07:14,10:18:30,06:20:29,17:35:29
2018-11-07,06:49:53,11:58:02,17:06:11,10:16:18,06:21:34,17:34:30
2018-11-08,06:51:01,11:58:06,17:05:10,10:14:09,06:22:39,17:33:32
2018-11-09,06:52:10,11:58:10,17:04:10,10:12:00,06:23:44,17:32:36
2018-11-10,06:53:19,11:58:16,17:03:12,10:09:53,06:24:49,17:31:42